Build started 09/08/2026 13:03:22.
Logging verbosity is set to: Normal.     1>Project "C:\Users\Jacob\OneDrive\Personal Files\Development\Visual Studio\Haven AI\Source\src\Haven.Desktop\Haven.Desktop.csproj" on node 1 (Restore target(s)).
     1>_GetAllRestoreProjectPathItems:
         Determining projects to restore...
     1>Project "C:\Users\Jacob\OneDrive\Personal Files\Development\Visual Studio\Haven AI\Source\src\Haven.Desktop\Haven.Desktop.csproj" (1) is building "C:\Users\Jacob\OneDrive\Personal Files\Development\Visual Studio\Haven AI\Source\src\Haven.Infrastructure\Haven.Infrastructure.csproj" (4:4) on node 4 (_GenerateProjectRestoreGraph target(s)).
     4>AddPrunePackageReferences:
         Loading prune package data from PrunePackageData folder
         Failed to load prune package data from PrunePackageData folder, loading from targeting packs instead
         Looking for targeting packs in C:\Program Files\dotnet\packs\Microsoft.NETCore.App.Ref
     1>Project "C:\Users\Jacob\OneDrive\Personal Files\Development\Visual Studio\Haven AI\Source\src\Haven.Desktop\Haven.Desktop.csproj" (1) is building "C:\Users\Jacob\OneDrive\Personal Files\Development\Visual Studio\Haven AI\Source\src\Haven.Application\Haven.Application.csproj" (6:7) on node 2 (_GenerateProjectRestoreGraph target(s)).
     6>AddPrunePackageReferences:
         Loading prune package data from PrunePackageData folder
         Failed to load prune package data from PrunePackageData folder, loading from targeting packs instead
     4>AddPrunePackageReferences:
         Pack directories found: C:\Program Files\dotnet\packs\Microsoft.NETCore.App.Ref\10.0.10
         Found package overrides file C:\Program Files\dotnet\packs\Microsoft.NETCore.App.Ref\10.0.10\data\PackageOverrides.txt
     6>AddPrunePackageReferences:
         Looking for targeting packs in C:\Program Files\dotnet\packs\Microsoft.NETCore.App.Ref
         Pack directories found: C:\Program Files\dotnet\packs\Microsoft.NETCore.App.Ref\10.0.10
     1>Project "C:\Users\Jacob\OneDrive\Personal Files\Development\Visual Studio\Haven AI\Source\src\Haven.Desktop\Haven.Desktop.csproj" (1) is building "C:\Users\Jacob\OneDrive\Personal Files\Development\Visual Studio\Haven AI\Source\src\Haven.Automations\Haven.Automations.csproj" (3:4) on node 5 (_GenerateProjectRestoreGraph target(s)).
     3>AddPrunePackageReferences:
         Loading prune package data from PrunePackageData folder
     6>AddPrunePackageReferences:
         Found package overrides file C:\Program Files\dotnet\packs\Microsoft.NETCore.App.Ref\10.0.10\data\PackageOverrides.txt
     3>AddPrunePackageReferences:
         Failed to load prune package data from PrunePackageData folder, loading from targeting packs instead
         Looking for targeting packs in C:\Program Files\dotnet\packs\Microsoft.NETCore.App.Ref
         Pack directories found: C:\Program Files\dotnet\packs\Microsoft.NETCore.App.Ref\10.0.10
         Found package overrides file C:\Program Files\dotnet\packs\Microsoft.NETCore.App.Ref\10.0.10\data\PackageOverrides.txt
     1>Project "C:\Users\Jacob\OneDrive\Personal Files\Development\Visual Studio\Haven AI\Source\src\Haven.Desktop\Haven.Desktop.csproj" (1) is building "C:\Users\Jacob\OneDrive\Personal Files\Development\Visual Studio\Haven AI\Source\src\Haven.Browser\Haven.Browser.csproj" (5:4) on node 3 (_GenerateProjectRestoreGraph target(s)).
     5>AddPrunePackageReferences:
         Loading prune package data from PrunePackageData folder
         Failed to load prune package data from PrunePackageData folder, loading from targeting packs instead
         Looking for targeting packs in C:\Program Files\dotnet\packs\Microsoft.NETCore.App.Ref
     1>Project "C:\Users\Jacob\OneDrive\Personal Files\Development\Visual Studio\Haven AI\Source\src\Haven.Desktop\Haven.Desktop.csproj" (1) is building "C:\Users\Jacob\OneDrive\Personal Files\Development\Visual Studio\Haven AI\Source\src\Haven.Core\Haven.Core.csproj" (2:8) on node 1 (_GenerateProjectRestoreGraph target(s)).
     2>AddPrunePackageReferences:
         Loading prune package data from PrunePackageData folder
     5>AddPrunePackageReferences:
         Pack directories found: C:\Program Files\dotnet\packs\Microsoft.NETCore.App.Ref\10.0.10
     2>AddPrunePackageReferences:
         Failed to load prune package data from PrunePackageData folder, loading from targeting packs instead
     5>AddPrunePackageReferences:
         Found package overrides file C:\Program Files\dotnet\packs\Microsoft.NETCore.App.Ref\10.0.10\data\PackageOverrides.txt
     2>AddPrunePackageReferences:
         Looking for targeting packs in C:\Program Files\dotnet\packs\Microsoft.NETCore.App.Ref
         Pack directories found: C:\Program Files\dotnet\packs\Microsoft.NETCore.App.Ref\10.0.10
     3>Done Building Project "C:\Users\Jacob\OneDrive\Personal Files\Development\Visual Studio\Haven AI\Source\src\Haven.Automations\Haven.Automations.csproj" (_GenerateProjectRestoreGraph target(s)).
     6>Done Building Project "C:\Users\Jacob\OneDrive\Personal Files\Development\Visual Studio\Haven AI\Source\src\Haven.Application\Haven.Application.csproj" (_GenerateProjectRestoreGraph target(s)).
     4>Done Building Project "C:\Users\Jacob\OneDrive\Personal Files\Development\Visual Studio\Haven AI\Source\src\Haven.Infrastructure\Haven.Infrastructure.csproj" (_GenerateProjectRestoreGraph target(s)).
     2>AddPrunePackageReferences:
         Found package overrides file C:\Program Files\dotnet\packs\Microsoft.NETCore.App.Ref\10.0.10\data\PackageOverrides.txt
     5>Done Building Project "C:\Users\Jacob\OneDrive\Personal Files\Development\Visual Studio\Haven AI\Source\src\Haven.Browser\Haven.Browser.csproj" (_GenerateProjectRestoreGraph target(s)).
     2>Done Building Project "C:\Users\Jacob\OneDrive\Personal Files\Development\Visual Studio\Haven AI\Source\src\Haven.Core\Haven.Core.csproj" (_GenerateProjectRestoreGraph target(s)).
     1>Project "C:\Users\Jacob\OneDrive\Personal Files\Development\Visual Studio\Haven AI\Source\src\Haven.Desktop\Haven.Desktop.csproj" (1) is building "C:\Users\Jacob\OneDrive\Personal Files\Development\Visual Studio\Haven AI\Source\src\Haven.Desktop\Haven.Desktop.csproj" (1:6) on node 1 (_GenerateProjectRestoreGraph target(s)).
     1>AddPrunePackageReferences:
         Loading prune package data from PrunePackageData folder
         Failed to load prune package data from PrunePackageData folder, loading from targeting packs instead
         Looking for targeting packs in C:\Program Files\dotnet\packs\Microsoft.NETCore.App.Ref
         Pack directories found: C:\Program Files\dotnet\packs\Microsoft.NETCore.App.Ref\10.0.10
         Found package overrides file C:\Program Files\dotnet\packs\Microsoft.NETCore.App.Ref\10.0.10\data\PackageOverrides.txt
     1>Done Building Project "C:\Users\Jacob\OneDrive\Personal Files\Development\Visual Studio\Haven AI\Source\src\Haven.Desktop\Haven.Desktop.csproj" (_GenerateProjectRestoreGraph target(s)).
     1>Restore:
         X.509 certificate chain validation will use the default trust store selected by .NET for code signing.
         X.509 certificate chain validation will use the default trust store selected by .NET for timestamping.
         Assets file has not changed. Skipping assets file writing. Path: C:\Users\Jacob\OneDrive\Personal Files\Development\Visual Studio\Haven AI\Source\src\Haven.Infrastructure\obj\project.assets.json
         Assets file has not changed. Skipping assets file writing. Path: C:\Users\Jacob\OneDrive\Personal Files\Development\Visual Studio\Haven AI\Source\src\Haven.Application\obj\project.assets.json
         Assets file has not changed. Skipping assets file writing. Path: C:\Users\Jacob\OneDrive\Personal Files\Development\Visual Studio\Haven AI\Source\src\Haven.Automations\obj\project.assets.json
         Assets file has not changed. Skipping assets file writing. Path: C:\Users\Jacob\OneDrive\Personal Files\Development\Visual Studio\Haven AI\Source\src\Haven.Browser\obj\project.assets.json
         Assets file has not changed. Skipping assets file writing. Path: C:\Users\Jacob\OneDrive\Personal Files\Development\Visual Studio\Haven AI\Source\src\Haven.Core\obj\project.assets.json
         Assets file has not changed. Skipping assets file writing. Path: C:\Users\Jacob\OneDrive\Personal Files\Development\Visual Studio\Haven AI\Source\src\Haven.Desktop\obj\project.assets.json
         Restored C:\Users\Jacob\OneDrive\Personal Files\Development\Visual Studio\Haven AI\Source\src\Haven.Browser\Haven.Browser.csproj (in 24 ms).
         Restored C:\Users\Jacob\OneDrive\Personal Files\Development\Visual Studio\Haven AI\Source\src\Haven.Application\Haven.Application.csproj (in 24 ms).
         Restored C:\Users\Jacob\OneDrive\Personal Files\Development\Visual Studio\Haven AI\Source\src\Haven.Desktop\Haven.Desktop.csproj (in 24 ms).
         Restored C:\Users\Jacob\OneDrive\Personal Files\Development\Visual Studio\Haven AI\Source\src\Haven.Automations\Haven.Automations.csproj (in 24 ms).
         Restored C:\Users\Jacob\OneDrive\Personal Files\Development\Visual Studio\Haven AI\Source\src\Haven.Core\Haven.Core.csproj (in 24 ms).
         Restored C:\Users\Jacob\OneDrive\Personal Files\Development\Visual Studio\Haven AI\Source\src\Haven.Infrastructure\Haven.Infrastructure.csproj (in 24 ms).
         
         NuGet Config files used:
             C:\Users\Jacob\OneDrive\Personal Files\Development\Visual Studio\Haven AI\Source\NuGet.Config
             C:\Users\Jacob\AppData\Roaming\NuGet\NuGet.Config
             C:\Program Files (x86)\NuGet\Config\Microsoft.VisualStudio.FallbackLocation.config
             C:\Program Files (x86)\NuGet\Config\Microsoft.VisualStudio.Offline.config
         
         Feeds used:
             https://api.nuget.org/v3/index.json
             C:\Program Files\dotnet\library-packs
         All projects are up-to-date for restore.
     1>Done Building Project "C:\Users\Jacob\OneDrive\Personal Files\Development\Visual Studio\Haven AI\Source\src\Haven.Desktop\Haven.Desktop.csproj" (Restore target(s)).
   1:7>Project "C:\Users\Jacob\OneDrive\Personal Files\Development\Visual Studio\Haven AI\Source\src\Haven.Desktop\Haven.Desktop.csproj" on node 2 (default targets).
   1:7>Project "C:\Users\Jacob\OneDrive\Personal Files\Development\Visual Studio\Haven AI\Source\src\Haven.Desktop\Haven.Desktop.csproj" (1:7) is building "C:\Users\Jacob\OneDrive\Personal Files\Development\Visual Studio\Haven AI\Source\src\Haven.Core\Haven.Core.csproj" (2:10) on node 4 (default targets).
     2>GenerateTargetFrameworkMonikerAttribute:
       Skipping target "GenerateTargetFrameworkMonikerAttribute" because all output files are up-to-date with respect to the input files.
       CoreGenerateAssemblyInfo:
       Skipping target "CoreGenerateAssemblyInfo" because all output files are up-to-date with respect to the input files.
       _GenerateSourceLinkFile:
         Source Link file 'obj\x64\Release\net10.0\Haven.Core.sourcelink.json' is up-to-date.
       CoreCompile:
       Skipping target "CoreCompile" because all output files are up-to-date with respect to the input files.
       GenerateBuildDependencyFile:
       Skipping target "GenerateBuildDependencyFile" because all output files are up-to-date with respect to the input files.
       CopyFilesToOutputDirectory:
         Haven.Core -> C:\Users\Jacob\OneDrive\Personal Files\Development\Visual Studio\Haven AI\Source\src\Haven.Core\bin\x64\Release\net10.0\Haven.Core.dll
     2>Done Building Project "C:\Users\Jacob\OneDrive\Personal Files\Development\Visual Studio\Haven AI\Source\src\Haven.Core\Haven.Core.csproj" (default targets).
   1:7>Project "C:\Users\Jacob\OneDrive\Personal Files\Development\Visual Studio\Haven AI\Source\src\Haven.Desktop\Haven.Desktop.csproj" (1:7) is building "C:\Users\Jacob\OneDrive\Personal Files\Development\Visual Studio\Haven AI\Source\src\Haven.Application\Haven.Application.csproj" (6:9) on node 3 (default targets).
     6>GenerateTargetFrameworkMonikerAttribute:
       Skipping target "GenerateTargetFrameworkMonikerAttribute" because all output files are up-to-date with respect to the input files.
       CoreGenerateAssemblyInfo:
       Skipping target "CoreGenerateAssemblyInfo" because all output files are up-to-date with respect to the input files.
       _GenerateSourceLinkFile:
         Source Link file 'obj\x64\Release\net10.0\Haven.Application.sourcelink.json' is up-to-date.
       CoreCompile:
       Skipping target "CoreCompile" because all output files are up-to-date with respect to the input files.
       GenerateBuildDependencyFile:
       Skipping target "GenerateBuildDependencyFile" because all output files are up-to-date with respect to the input files.
       CopyFilesToOutputDirectory:
         Haven.Application -> C:\Users\Jacob\OneDrive\Personal Files\Development\Visual Studio\Haven AI\Source\src\Haven.Application\bin\x64\Release\net10.0\Haven.Application.dll
     6>Done Building Project "C:\Users\Jacob\OneDrive\Personal Files\Development\Visual Studio\Haven AI\Source\src\Haven.Application\Haven.Application.csproj" (default targets).
   1:7>Project "C:\Users\Jacob\OneDrive\Personal Files\Development\Visual Studio\Haven AI\Source\src\Haven.Desktop\Haven.Desktop.csproj" (1:7) is building "C:\Users\Jacob\OneDrive\Personal Files\Development\Visual Studio\Haven AI\Source\src\Haven.Automations\Haven.Automations.csproj" (3:6) on node 1 (default targets).
     3>GenerateTargetFrameworkMonikerAttribute:
       Skipping target "GenerateTargetFrameworkMonikerAttribute" because all output files are up-to-date with respect to the input files.
   1:7>Project "C:\Users\Jacob\OneDrive\Personal Files\Development\Visual Studio\Haven AI\Source\src\Haven.Desktop\Haven.Desktop.csproj" (1:7) is building "C:\Users\Jacob\OneDrive\Personal Files\Development\Visual Studio\Haven AI\Source\src\Haven.Browser\Haven.Browser.csproj" (5:6) on node 2 (default targets).
     5>GenerateTargetFrameworkMonikerAttribute:
       Skipping target "GenerateTargetFrameworkMonikerAttribute" because all output files are up-to-date with respect to the input files.
       CoreGenerateAssemblyInfo:
       Skipping target "CoreGenerateAssemblyInfo" because all output files are up-to-date with respect to the input files.
   1:7>Project "C:\Users\Jacob\OneDrive\Personal Files\Development\Visual Studio\Haven AI\Source\src\Haven.Desktop\Haven.Desktop.csproj" (1:7) is building "C:\Users\Jacob\OneDrive\Personal Files\Development\Visual Studio\Haven AI\Source\src\Haven.Infrastructure\Haven.Infrastructure.csproj" (4:6) on node 5 (default targets).
     4>GenerateTargetFrameworkMonikerAttribute:
       Skipping target "GenerateTargetFrameworkMonikerAttribute" because all output files are up-to-date with respect to the input files.
     5>_GenerateSourceLinkFile:
         Source Link file 'obj\x64\Release\net10.0\Haven.Browser.sourcelink.json' is up-to-date.
       CoreCompile:
       Skipping target "CoreCompile" because all output files are up-to-date with respect to the input files.
     4>CoreGenerateAssemblyInfo:
       Skipping target "CoreGenerateAssemblyInfo" because all output files are up-to-date with respect to the input files.
     3>CoreGenerateAssemblyInfo:
       Skipping target "CoreGenerateAssemblyInfo" because all output files are up-to-date with respect to the input files.
     5>GenerateBuildDependencyFile:
       Skipping target "GenerateBuildDependencyFile" because all output files are up-to-date with respect to the input files.
       CopyFilesToOutputDirectory:
         Haven.Browser -> C:\Users\Jacob\OneDrive\Personal Files\Development\Visual Studio\Haven AI\Source\src\Haven.Browser\bin\x64\Release\net10.0\Haven.Browser.dll
     4>_GenerateSourceLinkFile:
         Source Link file 'obj\x64\Release\net10.0\Haven.Infrastructure.sourcelink.json' is up-to-date.
       CoreCompile:
       Skipping target "CoreCompile" because all output files are up-to-date with respect to the input files.
     5>Done Building Project "C:\Users\Jacob\OneDrive\Personal Files\Development\Visual Studio\Haven AI\Source\src\Haven.Browser\Haven.Browser.csproj" (default targets).
     4>_CopyOutOfDateSourceItemsToOutputDirectory:
       Skipping target "_CopyOutOfDateSourceItemsToOutputDirectory" because all output files are up-to-date with respect to the input files.
       GenerateBuildDependencyFile:
       Skipping target "GenerateBuildDependencyFile" because all output files are up-to-date with respect to the input files.
       CopyFilesToOutputDirectory:
         Haven.Infrastructure -> C:\Users\Jacob\OneDrive\Personal Files\Development\Visual Studio\Haven AI\Source\src\Haven.Infrastructure\bin\x64\Release\net10.0\Haven.Infrastructure.dll
       CopyWebRtcVadFiles:
         Copying file from "C:\Users\Jacob\.nuget\packages\webrtcvadsharp\1.3.2\build\win-x64\native\WebRtcVad.lib" to "C:\Users\Jacob\OneDrive\Personal Files\Development\Visual Studio\Haven AI\Source\src\Haven.Infrastructure\bin\x64\Release\net10.0\WebRtcVad.lib".
         Copying file from "C:\Users\Jacob\.nuget\packages\webrtcvadsharp\1.3.2\build\win-x64\native\WebRtcVad.pdb" to "C:\Users\Jacob\OneDrive\Personal Files\Development\Visual Studio\Haven AI\Source\src\Haven.Infrastructure\bin\x64\Release\net10.0\WebRtcVad.pdb".
         Copying file from "C:\Users\Jacob\.nuget\packages\webrtcvadsharp\1.3.2\build\win-x64\native\WebRtcVad.dll" to "C:\Users\Jacob\OneDrive\Personal Files\Development\Visual Studio\Haven AI\Source\src\Haven.Infrastructure\bin\x64\Release\net10.0\WebRtcVad.dll".
         Copying file from "C:\Users\Jacob\.nuget\packages\webrtcvadsharp\1.3.2\build\win-x64\native\WebRtcVad.exp" to "C:\Users\Jacob\OneDrive\Personal Files\Development\Visual Studio\Haven AI\Source\src\Haven.Infrastructure\bin\x64\Release\net10.0\WebRtcVad.exp".
     4>Done Building Project "C:\Users\Jacob\OneDrive\Personal Files\Development\Visual Studio\Haven AI\Source\src\Haven.Infrastructure\Haven.Infrastructure.csproj" (default targets).
     3>_GenerateSourceLinkFile:
         Source Link file 'obj\x64\Release\net10.0\Haven.Automations.sourcelink.json' is up-to-date.
       CoreCompile:
       Skipping target "CoreCompile" because all output files are up-to-date with respect to the input files.
       GenerateBuildDependencyFile:
       Skipping target "GenerateBuildDependencyFile" because all output files are up-to-date with respect to the input files.
       CopyFilesToOutputDirectory:
         Haven.Automations -> C:\Users\Jacob\OneDrive\Personal Files\Development\Visual Studio\Haven AI\Source\src\Haven.Automations\bin\x64\Release\net10.0\Haven.Automations.dll
     3>Done Building Project "C:\Users\Jacob\OneDrive\Personal Files\Development\Visual Studio\Haven AI\Source\src\Haven.Automations\Haven.Automations.csproj" (default targets).
     1>GenerateTargetFrameworkMonikerAttribute:
       Skipping target "GenerateTargetFrameworkMonikerAttribute" because all output files are up-to-date with respect to the input files.
       CoreGenerateAssemblyInfo:
       Skipping target "CoreGenerateAssemblyInfo" because all output files are up-to-date with respect to the input files.
       _GenerateSourceLinkFile:
         Source Link file 'obj\x64\Release\net10.0-windows10.0.19041.0\Haven.Desktop.sourcelink.json' is up-to-date.
       CoreCompile:
         Setting DOTNET_ROOT to 'C:\Program Files\dotnet'
         C:\Program Files\dotnet\sdk\10.0.302\Roslyn\bincore\csc.exe /noconfig /unsafe- /checked- /nowarn:1701,1702,AVLN3001,1701,1702,8002 /fullpaths /nostdlib+ /platform:x64 /errorreport:prompt /warn:10 /define:TRACE;RELEASE;NET;NET10_0;NETCOREAPP;WINDOWS;WINDOWS10_0_19041_0;NET5_0_OR_GREATER;NET6_0_OR_GREATER;NET7_0_OR_GREATER;NET8_0_OR_GREATER;NET9_0_OR_GREATER;NET10_0_OR_GREATER;NETCOREAPP1_0_OR_GREATER;NETCOREAPP1_1_OR_GREATER;NETCOREAPP2_0_OR_GREATER;NETCOREAPP2_1_OR_GREATER;NETCOREAPP2_2_OR_GREATER;NETCOREAPP3_0_OR_GREATER;NETCOREAPP3_1_OR_GREATER;WINDOWS10_0_19041_0_OR_GREATER;WINDOWS10_0_18362_0_OR_GREATER;WINDOWS10_0_17763_0_OR_GREATER;WINDOWS8_0_OR_GREATER;WINDOWS7_0_OR_GREATER /highentropyva+ /nullable:enable /reference:"C:\Program Files\dotnet\packs\Microsoft.WindowsDesktop.App.Ref\10.0.10\ref\net10.0\Accessibility.dll" /reference:C:\Users\Jacob\.nuget\packages\avalonia\12.0.1\ref\net10.0\Avalonia.Base.dll /reference:C:\Users\Jacob\.nuget\packages\avalonia\12.0.1\ref\net10.0\Avalonia.Controls.dll /reference:C:\Users\Jacob\.nuget\packages\avalonia.controls.webview\12.0.1\lib\net10.0\Avalonia.Controls.WebView.dll /reference:C:\Users\Jacob\.nuget\packages\avalonia\12.0.1\ref\net10.0\Avalonia.DesignerSupport.dll /reference:C:\Users\Jacob\.nuget\packages\avalonia.desktop\12.0.1\lib\net10.0\Avalonia.Desktop.dll /reference:C:\Users\Jacob\.nuget\packages\avalonia\12.0.1\ref\net10.0\Avalonia.Dialogs.dll /reference:C:\Users\Jacob\.nuget\packages\avalonia\12.0.1\ref\net10.0\Avalonia.dll /reference:C:\Users\Jacob\.nuget\packages\avalonia.freedesktop.atspi\12.0.1\lib\net10.0\Avalonia.FreeDesktop.AtSpi.dll /reference:C:\Users\Jacob\.nuget\packages\avalonia.freedesktop\12.0.1\lib\net10.0\Avalonia.FreeDesktop.dll /reference:C:\Users\Jacob\.nuget\packages\avalonia.harfbuzz\12.0.1\lib\net10.0\Avalonia.HarfBuzz.dll /reference:C:\Users\Jacob\.nuget\packages\avalonia\12.0.1\ref\net10.0\Avalonia.Markup.dll /reference:C:\Users\Jacob\.nuget\packages\avalonia\12.0.1\ref\net10.0\Avalonia.Markup.Xaml.dll /reference:C:\Users\Jacob\.nuget\packages\avalonia\12.0.1\ref\net10.0\Avalonia.Metal.dll /reference:C:\Users\Jacob\.nuget\packages\avalonia\12.0.1\ref\net10.0\Avalonia.MicroCom.dll /reference:C:\Users\Jacob\.nuget\packages\avalonia.native\12.0.1\lib\net10.0\Avalonia.Native.dll /reference:C:\Users\Jacob\.nuget\packages\avalonia\12.0.1\ref\net10.0\Avalonia.OpenGL.dll /reference:C:\Users\Jacob\.nuget\packages\avalonia.remote.protocol\12.0.1\lib\net10.0\Avalonia.Remote.Protocol.dll /reference:C:\Users\Jacob\.nuget\packages\avalonia.skia\12.0.1\lib\net10.0\Avalonia.Skia.dll /reference:C:\Users\Jacob\.nuget\packages\avalonia.themes.fluent\12.0.1\lib\net10.0\Avalonia.Themes.Fluent.dll /reference:C:\Users\Jacob\.nuget\packages\avalonia\12.0.1\ref\net10.0\Avalonia.Vulkan.dll /reference:C:\Users\Jacob\.nuget\packages\avalonia.win32\12.0.1\lib\net10.0\Avalonia.Win32.Automation.dll /reference:C:\Users\Jacob\.nuget\packages\avalonia.win32\12.0.1\lib\net10.0\Avalonia.Win32.dll /reference:C:\Users\Jacob\.nuget\packages\avalonia.x11\12.0.1\lib\net10.0\Avalonia.X11.dll /reference:C:\Users\Jacob\.nuget\packages\avaloniaui.diagnosticssupport\2.2.3\lib\net10.0\AvaloniaUI.DiagnosticsSupport.Avalonia.dll /reference:C:\Users\Jacob\.nuget\packages\harfbuzzsharp\8.3.1.3\lib\net8.0-windows10.0.19041\HarfBuzzSharp.dll /reference:"C:\Users\Jacob\OneDrive\Personal Files\Development\Visual Studio\Haven AI\Source\src\Haven.Application\obj\x64\Release\net10.0\ref\Haven.Application.dll" /reference:"C:\Users\Jacob\OneDrive\Personal Files\Development\Visual Studio\Haven AI\Source\src\Haven.Automations\obj\x64\Release\net10.0\ref\Haven.Automations.dll" /reference:"C:\Users\Jacob\OneDrive\Personal Files\Development\Visual Studio\Haven AI\Source\src\Haven.Browser\obj\x64\Release\net10.0\ref\Haven.Browser.dll" /reference:"C:\Users\Jacob\OneDrive\Personal Files\Development\Visual Studio\Haven AI\Source\src\Haven.Core\obj\x64\Release\net10.0\ref\Haven.Core.dll" /reference:"C:\Users\Jacob\OneDrive\Personal Files\Development\Visual Studio\Haven AI\Source\src\Haven.Infrastructure\obj\x64\Release\net10.0\ref\Haven.Infrastructure.dll" /reference:C:\Users\Jacob\.nuget\packages\kokorosharp\0.6.7\lib\net8.0\KokoroSharp.dll /reference:C:\Users\Jacob\.nuget\packages\microcom.runtime\0.11.4\lib\net5.0\MicroCom.Runtime.dll /reference:"C:\Program Files\dotnet\packs\Microsoft.NETCore.App.Ref\10.0.10\ref\net10.0\Microsoft.CSharp.dll" /reference:C:\Users\Jacob\.nuget\packages\microsoft.data.sqlite.core\10.0.9\lib\net8.0\Microsoft.Data.Sqlite.dll /reference:C:\Users\Jacob\.nuget\packages\microsoft.extensions.ai.abstractions\10.2.0\lib\net10.0\Microsoft.Extensions.AI.Abstractions.dll /reference:C:\Users\Jacob\.nuget\packages\microsoft.extensions.configuration.abstractions\10.0.0\lib\net10.0\Microsoft.Extensions.Configuration.Abstractions.dll /reference:C:\Users\Jacob\.nuget\packages\microsoft.extensions.configuration.binder\10.0.0\lib\net10.0\Microsoft.Extensions.Configuration.Binder.dll /reference:C:\Users\Jacob\.nuget\packages\microsoft.extensions.configuration.commandline\10.0.0\lib\net10.0\Microsoft.Extensions.Configuration.CommandLine.dll /reference:C:\Users\Jacob\.nuget\packages\microsoft.extensions.configuration\10.0.0\lib\net10.0\Microsoft.Extensions.Configuration.dll /reference:C:\Users\Jacob\.nuget\packages\microsoft.extensions.configuration.environmentvariables\10.0.0\lib\net10.0\Microsoft.Extensions.Configuration.EnvironmentVariables.dll /reference:C:\Users\Jacob\.nuget\packages\microsoft.extensions.configuration.fileextensions\10.0.0\lib\net10.0\Microsoft.Extensions.Configuration.FileExtensions.dll /reference:C:\Users\Jacob\.nuget\packages\microsoft.extensions.configuration.json\10.0.0\lib\net10.0\Microsoft.Extensions.Configuration.Json.dll /reference:C:\Users\Jacob\.nuget\packages\microsoft.extensions.configuration.usersecrets\10.0.0\lib\net10.0\Microsoft.Extensions.Configuration.UserSecrets.dll /reference:C:\Users\Jacob\.nuget\packages\microsoft.extensions.dependencyinjection.abstractions\10.0.0\lib\net10.0\Microsoft.Extensions.DependencyInjection.Abstractions.dll /reference:C:\Users\Jacob\.nuget\packages\microsoft.extensions.dependencyinjection\10.0.0\lib\net10.0\Microsoft.Extensions.DependencyInjection.dll /reference:C:\Users\Jacob\.nuget\packages\microsoft.extensions.diagnostics.abstractions\10.0.0\lib\net10.0\Microsoft.Extensions.Diagnostics.Abstractions.dll /reference:C:\Users\Jacob\.nuget\packages\microsoft.extensions.diagnostics\10.0.0\lib\net10.0\Microsoft.Extensions.Diagnostics.dll /reference:C:\Users\Jacob\.nuget\packages\microsoft.extensions.fileproviders.abstractions\10.0.0\lib\net10.0\Microsoft.Extensions.FileProviders.Abstractions.dll /reference:C:\Users\Jacob\.nuget\packages\microsoft.extensions.fileproviders.physical\10.0.0\lib\net10.0\Microsoft.Extensions.FileProviders.Physical.dll /reference:C:\Users\Jacob\.nuget\packages\microsoft.extensions.filesystemglobbing\10.0.0\lib\net10.0\Microsoft.Extensions.FileSystemGlobbing.dll /reference:C:\Users\Jacob\.nuget\packages\microsoft.extensions.hosting.abstractions\10.0.0\lib\net10.0\Microsoft.Extensions.Hosting.Abstractions.dll /reference:C:\Users\Jacob\.nuget\packages\microsoft.extensions.hosting\10.0.0\lib\net10.0\Microsoft.Extensions.Hosting.dll /reference:C:\Users\Jacob\.nuget\packages\microsoft.extensions.http\10.0.0\lib\net10.0\Microsoft.Extensions.Http.dll /reference:C:\Users\Jacob\.nuget\packages\microsoft.extensions.logging.abstractions\10.0.0\lib\net10.0\Microsoft.Extensions.Logging.Abstractions.dll /reference:C:\Users\Jacob\.nuget\packages\microsoft.extensions.logging.configuration\10.0.0\lib\net10.0\Microsoft.Extensions.Logging.Configuration.dll /reference:C:\Users\Jacob\.nuget\packages\microsoft.extensions.logging.console\10.0.0\lib\net10.0\Microsoft.Extensions.Logging.Console.dll /reference:C:\Users\Jacob\.nuget\packages\microsoft.extensions.logging.debug\10.0.0\lib\net10.0\Microsoft.Extensions.Logging.Debug.dll /reference:C:\Users\Jacob\.nuget\packages\microsoft.extensions.logging\10.0.0\lib\net10.0\Microsoft.Extensions.Logging.dll /reference:C:\Users\Jacob\.nuget\packages\microsoft.extensions.logging.eventlog\10.0.0\lib\net10.0\Microsoft.Extensions.Logging.EventLog.dll /reference:C:\Users\Jacob\.nuget\packages\microsoft.extensions.logging.eventsource\10.0.0\lib\net10.0\Microsoft.Extensions.Logging.EventSource.dll /reference:C:\Users\Jacob\.nuget\packages\microsoft.extensions.options.configurationextensions\10.0.0\lib\net10.0\Microsoft.Extensions.Options.ConfigurationExtensions.dll /reference:C:\Users\Jacob\.nuget\packages\microsoft.extensions.options\10.0.0\lib\net10.0\Microsoft.Extensions.Options.dll /reference:C:\Users\Jacob\.nuget\packages\microsoft.extensions.primitives\10.0.0\lib\net10.0\Microsoft.Extensions.Primitives.dll /reference:C:\Users\Jacob\.nuget\packages\microsoft.io.recyclablememorystream\3.0.1\lib\net6.0\Microsoft.IO.RecyclableMemoryStream.dll /reference:C:\Users\Jacob\.nuget\packages\microsoft.ml.onnxruntime.managed\1.22.0\lib\net8.0\Microsoft.ML.OnnxRuntime.dll /reference:"C:\Program Files\dotnet\packs\Microsoft.NETCore.App.Ref\10.0.10\ref\net10.0\Microsoft.VisualBasic.Core.dll" /reference:"C:\Program Files\dotnet\packs\Microsoft.WindowsDesktop.App.Ref\10.0.10\ref\net10.0\Microsoft.VisualBasic.dll" /reference:"C:\Program Files\dotnet\packs\Microsoft.WindowsDesktop.App.Ref\10.0.10\ref\net10.0\Microsoft.VisualBasic.Forms.dll" /reference:"C:\Program Files\dotnet\packs\Microsoft.NETCore.App.Ref\10.0.10\ref\net10.0\Microsoft.Win32.Primitives.dll" /reference:"C:\Program Files\dotnet\packs\Microsoft.WindowsDesktop.App.Ref\10.0.10\ref\net10.0\Microsoft.Win32.Registry.AccessControl.dll" /reference:"C:\Program Files\dotnet\packs\Microsoft.NETCore.App.Ref\10.0.10\ref\net10.0\Microsoft.Win32.Registry.dll" /reference:"C:\Program Files\dotnet\packs\Microsoft.WindowsDesktop.App.Ref\10.0.10\ref\net10.0\Microsoft.Win32.SystemEvents.dll" /reference:C:\Users\Jacob\.nuget\packages\microsoft.windows.sdk.net.ref\10.0.19041.57\lib\net8.0\Microsoft.Windows.SDK.NET.dll /reference:"C:\Program Files\dotnet\packs\Microsoft.NETCore.App.Ref\10.0.10\ref\net10.0\mscorlib.dll" /reference:C:\Users\Jacob\.nuget\packages\naudio.asio\2.3.0\lib\net8.0-windows7.0\NAudio.Asio.dll /reference:C:\Users\Jacob\.nuget\packages\naudio.core\2.3.0\lib\netstandard2.0\NAudio.Core.dll /reference:C:\Users\Jacob\.nuget\packages\naudio\2.3.0\lib\net6.0-windows7.0\NAudio.dll /reference:C:\Users\Jacob\.nuget\packages\naudio.midi\2.3.0\lib\netstandard2.0\NAudio.Midi.dll /reference:C:\Users\Jacob\.nuget\packages\naudio.wasapi\2.3.0\lib\netstandard2.0\NAudio.Wasapi.dll /reference:C:\Users\Jacob\.nuget\packages\naudio.winforms\2.3.0\lib\netcoreapp3.1\NAudio.WinForms.dll /reference:C:\Users\Jacob\.nuget\packages\naudio.winmm\2.3.0\lib\net6.0\NAudio.WinMM.dll /reference:"C:\Program Files\dotnet\packs\Microsoft.NETCore.App.Ref\10.0.10\ref\net10.0\netstandard.dll" /reference:C:\Users\Jacob\.nuget\packages\numsharp\0.30.0\lib\netstandard2.0\NumSharp.dll /reference:C:\Users\Jacob\.nuget\packages\opentk.audio.openal\5.0.0-pre.13\lib\net8.0\OpenTK.Audio.OpenAL.dll /reference:C:\Users\Jacob\.nuget\packages\opentk.core\5.0.0-pre.13\lib\net8.0\OpenTK.Core.dll /reference:C:\Users\Jacob\.nuget\packages\opentk.mathematics\5.0.0-pre.13\lib\net8.0\OpenTK.Mathematics.dll /reference:C:\Users\Jacob\.nuget\packages\skiasharp\3.119.3-preview.1.1\ref\net8.0-windows10.0.19041\SkiaSharp.dll /reference:C:\Users\Jacob\.nuget\packages\sqlitepclraw.core\3.0.3\lib\net8.0\SQLitePCLRaw.core.dll /reference:C:\Users\Jacob\.nuget\packages\sqlitepclraw.provider.winsqlite3\3.0.3\lib\netstandard2.0\SQLitePCLRaw.provider.winsqlite3.dll /reference:"C:\Program Files\dotnet\packs\Microsoft.NETCore.App.Ref\10.0.10\ref\net10.0\System.AppContext.dll" /reference:"C:\Program Files\dotnet\packs\Microsoft.NETCore.App.Ref\10.0.10\ref\net10.0\System.Buffers.dll" /reference:"C:\Program Files\dotnet\packs\Microsoft.WindowsDesktop.App.Ref\10.0.10\ref\net10.0\System.CodeDom.dll" /reference:"C:\Program Files\dotnet\packs\Microsoft.NETCore.App.Ref\10.0.10\ref\net10.0\System.Collections.Concurrent.dll" /reference:"C:\Program Files\dotnet\packs\Microsoft.NETCore.App.Ref\10.0.10\ref\net10.0\System.Collections.dll" /reference:"C:\Program Files\dotnet\packs\Microsoft.NETCore.App.Ref\10.0.10\ref\net10.0\System.Collections.Immutable.dll" /reference:"C:\Program Files\dotnet\packs\Microsoft.NETCore.App.Ref\10.0.10\ref\net10.0\System.Collections.NonGeneric.dll" /reference:"C:\Program Files\dotnet\packs\Microsoft.NETCore.App.Ref\10.0.10\ref\net10.0\System.Collections.Specialized.dll" /reference:"C:\Program Files\dotnet\packs\Microsoft.NETCore.App.Ref\10.0.10\ref\net10.0\System.ComponentModel.Annotations.dll" /reference:"C:\Program Files\dotnet\packs\Microsoft.NETCore.App.Ref\10.0.10\ref\net10.0\System.ComponentModel.DataAnnotations.dll" /reference:"C:\Program Files\dotnet\packs\Microsoft.NETCore.App.Ref\10.0.10\ref\net10.0\System.ComponentModel.dll" /reference:"C:\Program Files\dotnet\packs\Microsoft.NETCore.App.Ref\10.0.10\ref\net10.0\System.ComponentModel.EventBasedAsync.dll" /reference:"C:\Program Files\dotnet\packs\Microsoft.NETCore.App.Ref\10.0.10\ref\net10.0\System.ComponentModel.Primitives.dll" /reference:"C:\Program Files\dotnet\packs\Microsoft.NETCore.App.Ref\10.0.10\ref\net10.0\System.ComponentModel.TypeConverter.dll" /reference:"C:\Program Files\dotnet\packs\Microsoft.WindowsDesktop.App.Ref\10.0.10\ref\net10.0\System.Configuration.ConfigurationManager.dll" /reference:"C:\Program Files\dotnet\packs\Microsoft.NETCore.App.Ref\10.0.10\ref\net10.0\System.Configuration.dll" /reference:"C:\Program Files\dotnet\packs\Microsoft.NETCore.App.Ref\10.0.10\ref\net10.0\System.Console.dll" /reference:"C:\Program Files\dotnet\packs\Microsoft.NETCore.App.Ref\10.0.10\ref\net10.0\System.Core.dll" /reference:"C:\Program Files\dotnet\packs\Microsoft.NETCore.App.Ref\10.0.10\ref\net10.0\System.Data.Common.dll" /reference:"C:\Program Files\dotnet\packs\Microsoft.NETCore.App.Ref\10.0.10\ref\net10.0\System.Data.DataSetExtensions.dll" /reference:"C:\Program Files\dotnet\packs\Microsoft.NETCore.App.Ref\10.0.10\ref\net10.0\System.Data.dll" /reference:"C:\Program Files\dotnet\packs\Microsoft.WindowsDesktop.App.Ref\10.0.10\ref\net10.0\System.Design.dll" /reference:"C:\Program Files\dotnet\packs\Microsoft.NETCore.App.Ref\10.0.10\ref\net10.0\System.Diagnostics.Contracts.dll" /reference:"C:\Program Files\dotnet\packs\Microsoft.NETCore.App.Ref\10.0.10\ref\net10.0\System.Diagnostics.Debug.dll" /reference:"C:\Program Files\dotnet\packs\Microsoft.NETCore.App.Ref\10.0.10\ref\net10.0\System.Diagnostics.DiagnosticSource.dll" /reference:"C:\Program Files\dotnet\packs\Microsoft.WindowsDesktop.App.Ref\10.0.10\ref\net10.0\System.Diagnostics.EventLog.dll" /reference:"C:\Program Files\dotnet\packs\Microsoft.NETCore.App.Ref\10.0.10\ref\net10.0\System.Diagnostics.FileVersionInfo.dll" /reference:"C:\Program Files\dotnet\packs\Microsoft.WindowsDesktop.App.Ref\10.0.10\ref\net10.0\System.Diagnostics.PerformanceCounter.dll" /reference:"C:\Program Files\dotnet\packs\Microsoft.NETCore.App.Ref\10.0.10\ref\net10.0\System.Diagnostics.Process.dll" /reference:"C:\Program Files\dotnet\packs\Microsoft.NETCore.App.Ref\10.0.10\ref\net10.0\System.Diagnostics.StackTrace.dll" /reference:"C:\Program Files\dotnet\packs\Microsoft.NETCore.App.Ref\10.0.10\ref\net10.0\System.Diagnostics.TextWriterTraceListener.dll" /reference:"C:\Program Files\dotnet\packs\Microsoft.NETCore.App.Ref\10.0.10\ref\net10.0\System.Diagnostics.Tools.dll" /reference:"C:\Program Files\dotnet\packs\Microsoft.NETCore.App.Ref\10.0.10\ref\net10.0\System.Diagnostics.TraceSource.dll" /reference:"C:\Program Files\dotnet\packs\Microsoft.NETCore.App.Ref\10.0.10\ref\net10.0\System.Diagnostics.Tracing.dll" /reference:"C:\Program Files\dotnet\packs\Microsoft.WindowsDesktop.App.Ref\10.0.10\ref\net10.0\System.DirectoryServices.dll" /reference:"C:\Program Files\dotnet\packs\Microsoft.NETCore.App.Ref\10.0.10\ref\net10.0\System.dll" /reference:"C:\Program Files\dotnet\packs\Microsoft.WindowsDesktop.App.Ref\10.0.10\ref\net10.0\System.Drawing.Common.dll" /reference:"C:\Program Files\dotnet\packs\Microsoft.WindowsDesktop.App.Ref\10.0.10\ref\net10.0\System.Drawing.Design.dll" /reference:"C:\Program Files\dotnet\packs\Microsoft.WindowsDesktop.App.Ref\10.0.10\ref\net10.0\System.Drawing.dll" /reference:"C:\Program Files\dotnet\packs\Microsoft.NETCore.App.Ref\10.0.10\ref\net10.0\System.Drawing.Primitives.dll" /reference:"C:\Program Files\dotnet\packs\Microsoft.NETCore.App.Ref\10.0.10\ref\net10.0\System.Dynamic.Runtime.dll" /reference:"C:\Program Files\dotnet\packs\Microsoft.NETCore.App.Ref\10.0.10\ref\net10.0\System.Formats.Asn1.dll" /reference:"C:\Program Files\dotnet\packs\Microsoft.WindowsDesktop.App.Ref\10.0.10\ref\net10.0\System.Formats.Nrbf.dll" /reference:"C:\Program Files\dotnet\packs\Microsoft.NETCore.App.Ref\10.0.10\ref\net10.0\System.Formats.Tar.dll" /reference:"C:\Program Files\dotnet\packs\Microsoft.NETCore.App.Ref\10.0.10\ref\net10.0\System.Globalization.Calendars.dll" /reference:"C:\Program Files\dotnet\packs\Microsoft.NETCore.App.Ref\10.0.10\ref\net10.0\System.Globalization.dll" /reference:"C:\Program Files\dotnet\packs\Microsoft.NETCore.App.Ref\10.0.10\ref\net10.0\System.Globalization.Extensions.dll" /reference:"C:\Program Files\dotnet\packs\Microsoft.NETCore.App.Ref\10.0.10\ref\net10.0\System.IO.Compression.Brotli.dll" /reference:"C:\Program Files\dotnet\packs\Microsoft.NETCore.App.Ref\10.0.10\ref\net10.0\System.IO.Compression.dll" /reference:"C:\Program Files\dotnet\packs\Microsoft.NETCore.App.Ref\10.0.10\ref\net10.0\System.IO.Compression.FileSystem.dll" /reference:"C:\Program Files\dotnet\packs\Microsoft.NETCore.App.Ref\10.0.10\ref\net10.0\System.IO.Compression.ZipFile.dll" /reference:"C:\Program Files\dotnet\packs\Microsoft.NETCore.App.Ref\10.0.10\ref\net10.0\System.IO.dll" /reference:"C:\Program Files\dotnet\packs\Microsoft.NETCore.App.Ref\10.0.10\ref\net10.0\System.IO.FileSystem.AccessControl.dll" /reference:"C:\Program Files\dotnet\packs\Microsoft.NETCore.App.Ref\10.0.10\ref\net10.0\System.IO.FileSystem.dll" /reference:"C:\Program Files\dotnet\packs\Microsoft.NETCore.App.Ref\10.0.10\ref\net10.0\System.IO.FileSystem.DriveInfo.dll" /reference:"C:\Program Files\dotnet\packs\Microsoft.NETCore.App.Ref\10.0.10\ref\net10.0\System.IO.FileSystem.Primitives.dll" /reference:"C:\Program Files\dotnet\packs\Microsoft.NETCore.App.Ref\10.0.10\ref\net10.0\System.IO.FileSystem.Watcher.dll" /reference:"C:\Program Files\dotnet\packs\Microsoft.NETCore.App.Ref\10.0.10\ref\net10.0\System.IO.IsolatedStorage.dll" /reference:"C:\Program Files\dotnet\packs\Microsoft.NETCore.App.Ref\10.0.10\ref\net10.0\System.IO.MemoryMappedFiles.dll" /reference:"C:\Program Files\dotnet\packs\Microsoft.WindowsDesktop.App.Ref\10.0.10\ref\net10.0\System.IO.Packaging.dll" /reference:"C:\Program Files\dotnet\packs\Microsoft.NETCore.App.Ref\10.0.10\ref\net10.0\System.IO.Pipelines.dll" /reference:"C:\Program Files\dotnet\packs\Microsoft.NETCore.App.Ref\10.0.10\ref\net10.0\System.IO.Pipes.AccessControl.dll" /reference:"C:\Program Files\dotnet\packs\Microsoft.NETCore.App.Ref\10.0.10\ref\net10.0\System.IO.Pipes.dll" /reference:"C:\Program Files\dotnet\packs\Microsoft.NETCore.App.Ref\10.0.10\ref\net10.0\System.IO.UnmanagedMemoryStream.dll" /reference:"C:\Program Files\dotnet\packs\Microsoft.NETCore.App.Ref\10.0.10\ref\net10.0\System.Linq.AsyncEnumerable.dll" /reference:"C:\Program Files\dotnet\packs\Microsoft.NETCore.App.Ref\10.0.10\ref\net10.0\System.Linq.dll" /reference:"C:\Program Files\dotnet\packs\Microsoft.NETCore.App.Ref\10.0.10\ref\net10.0\System.Linq.Expressions.dll" /reference:"C:\Program Files\dotnet\packs\Microsoft.NETCore.App.Ref\10.0.10\ref\net10.0\System.Linq.Parallel.dll" /reference:"C:\Program Files\dotnet\packs\Microsoft.NETCore.App.Ref\10.0.10\ref\net10.0\System.Linq.Queryable.dll" /reference:"C:\Program Files\dotnet\packs\Microsoft.NETCore.App.Ref\10.0.10\ref\net10.0\System.Memory.dll" /reference:"C:\Program Files\dotnet\packs\Microsoft.NETCore.App.Ref\10.0.10\ref\net10.0\System.Net.dll" /reference:"C:\Program Files\dotnet\packs\Microsoft.NETCore.App.Ref\10.0.10\ref\net10.0\System.Net.Http.dll" /reference:"C:\Program Files\dotnet\packs\Microsoft.NETCore.App.Ref\10.0.10\ref\net10.0\System.Net.Http.Json.dll" /reference:"C:\Program Files\dotnet\packs\Microsoft.NETCore.App.Ref\10.0.10\ref\net10.0\System.Net.HttpListener.dll" /reference:"C:\Program Files\dotnet\packs\Microsoft.NETCore.App.Ref\10.0.10\ref\net10.0\System.Net.Mail.dll" /reference:"C:\Program Files\dotnet\packs\Microsoft.NETCore.App.Ref\10.0.10\ref\net10.0\System.Net.NameResolution.dll" /reference:"C:\Program Files\dotnet\packs\Microsoft.NETCore.App.Ref\10.0.10\ref\net10.0\System.Net.NetworkInformation.dll" /reference:"C:\Program Files\dotnet\packs\Microsoft.NETCore.App.Ref\10.0.10\ref\net10.0\System.Net.Ping.dll" /reference:"C:\Program Files\dotnet\packs\Microsoft.NETCore.App.Ref\10.0.10\ref\net10.0\System.Net.Primitives.dll" /reference:"C:\Program Files\dotnet\packs\Microsoft.NETCore.App.Ref\10.0.10\ref\net10.0\System.Net.Quic.dll" /reference:"C:\Program Files\dotnet\packs\Microsoft.NETCore.App.Ref\10.0.10\ref\net10.0\System.Net.Requests.dll" /reference:"C:\Program Files\dotnet\packs\Microsoft.NETCore.App.Ref\10.0.10\ref\net10.0\System.Net.Security.dll" /reference:"C:\Program Files\dotnet\packs\Microsoft.NETCore.App.Ref\10.0.10\ref\net10.0\System.Net.ServerSentEvents.dll" /reference:"C:\Program Files\dotnet\packs\Microsoft.NETCore.App.Ref\10.0.10\ref\net10.0\System.Net.ServicePoint.dll" /reference:"C:\Program Files\dotnet\packs\Microsoft.NETCore.App.Ref\10.0.10\ref\net10.0\System.Net.Sockets.dll" /reference:"C:\Program Files\dotnet\packs\Microsoft.NETCore.App.Ref\10.0.10\ref\net10.0\System.Net.WebClient.dll" /reference:"C:\Program Files\dotnet\packs\Microsoft.NETCore.App.Ref\10.0.10\ref\net10.0\System.Net.WebHeaderCollection.dll" /reference:"C:\Program Files\dotnet\packs\Microsoft.NETCore.App.Ref\10.0.10\ref\net10.0\System.Net.WebProxy.dll" /reference:"C:\Program Files\dotnet\packs\Microsoft.NETCore.App.Ref\10.0.10\ref\net10.0\System.Net.WebSockets.Client.dll" /reference:"C:\Program Files\dotnet\packs\Microsoft.NETCore.App.Ref\10.0.10\ref\net10.0\System.Net.WebSockets.dll" /reference:"C:\Program Files\dotnet\packs\Microsoft.NETCore.App.Ref\10.0.10\ref\net10.0\System.Numerics.dll" /reference:C:\Users\Jacob\.nuget\packages\system.numerics.tensors\9.0.5\lib\net9.0\System.Numerics.Tensors.dll /reference:"C:\Program Files\dotnet\packs\Microsoft.NETCore.App.Ref\10.0.10\ref\net10.0\System.Numerics.Vectors.dll" /reference:"C:\Program Files\dotnet\packs\Microsoft.NETCore.App.Ref\10.0.10\ref\net10.0\System.ObjectModel.dll" /reference:"C:\Program Files\dotnet\packs\Microsoft.WindowsDesktop.App.Ref\10.0.10\ref\net10.0\System.Private.Windows.Core.dll" /reference:"C:\Program Files\dotnet\packs\Microsoft.WindowsDesktop.App.Ref\10.0.10\ref\net10.0\System.Private.Windows.GdiPlus.dll" /reference:"C:\Program Files\dotnet\packs\Microsoft.NETCore.App.Ref\10.0.10\ref\net10.0\System.Reflection.DispatchProxy.dll" /reference:"C:\Program Files\dotnet\packs\Microsoft.NETCore.App.Ref\10.0.10\ref\net10.0\System.Reflection.dll" /reference:"C:\Program Files\dotnet\packs\Microsoft.NETCore.App.Ref\10.0.10\ref\net10.0\System.Reflection.Emit.dll" /reference:"C:\Program Files\dotnet\packs\Microsoft.NETCore.App.Ref\10.0.10\ref\net10.0\System.Reflection.Emit.ILGeneration.dll" /reference:"C:\Program Files\dotnet\packs\Microsoft.NETCore.App.Ref\10.0.10\ref\net10.0\System.Reflection.Emit.Lightweight.dll" /reference:"C:\Program Files\dotnet\packs\Microsoft.NETCore.App.Ref\10.0.10\ref\net10.0\System.Reflection.Extensions.dll" /reference:"C:\Program Files\dotnet\packs\Microsoft.NETCore.App.Ref\10.0.10\ref\net10.0\System.Reflection.Metadata.dll" /reference:"C:\Program Files\dotnet\packs\Microsoft.NETCore.App.Ref\10.0.10\ref\net10.0\System.Reflection.Primitives.dll" /reference:"C:\Program Files\dotnet\packs\Microsoft.NETCore.App.Ref\10.0.10\ref\net10.0\System.Reflection.TypeExtensions.dll" /reference:"C:\Program Files\dotnet\packs\Microsoft.WindowsDesktop.App.Ref\10.0.10\ref\net10.0\System.Resources.Extensions.dll" /reference:"C:\Program Files\dotnet\packs\Microsoft.NETCore.App.Ref\10.0.10\ref\net10.0\System.Resources.Reader.dll" /reference:"C:\Program Files\dotnet\packs\Microsoft.NETCore.App.Ref\10.0.10\ref\net10.0\System.Resources.ResourceManager.dll" /reference:"C:\Program Files\dotnet\packs\Microsoft.NETCore.App.Ref\10.0.10\ref\net10.0\System.Resources.Writer.dll" /reference:"C:\Program Files\dotnet\packs\Microsoft.NETCore.App.Ref\10.0.10\ref\net10.0\System.Runtime.CompilerServices.Unsafe.dll" /reference:"C:\Program Files\dotnet\packs\Microsoft.NETCore.App.Ref\10.0.10\ref\net10.0\System.Runtime.CompilerServices.VisualC.dll" /reference:"C:\Program Files\dotnet\packs\Microsoft.NETCore.App.Ref\10.0.10\ref\net10.0\System.Runtime.dll" /reference:"C:\Program Files\dotnet\packs\Microsoft.NETCore.App.Ref\10.0.10\ref\net10.0\System.Runtime.Extensions.dll" /reference:"C:\Program Files\dotnet\packs\Microsoft.NETCore.App.Ref\10.0.10\ref\net10.0\System.Runtime.Handles.dll" /reference:"C:\Program Files\dotnet\packs\Microsoft.NETCore.App.Ref\10.0.10\ref\net10.0\System.Runtime.InteropServices.dll" /reference:"C:\Program Files\dotnet\packs\Microsoft.NETCore.App.Ref\10.0.10\ref\net10.0\System.Runtime.InteropServices.JavaScript.dll" /reference:"C:\Program Files\dotnet\packs\Microsoft.NETCore.App.Ref\10.0.10\ref\net10.0\System.Runtime.InteropServices.RuntimeInformation.dll" /reference:"C:\Program Files\dotnet\packs\Microsoft.NETCore.App.Ref\10.0.10\ref\net10.0\System.Runtime.Intrinsics.dll" /reference:"C:\Program Files\dotnet\packs\Microsoft.NETCore.App.Ref\10.0.10\ref\net10.0\System.Runtime.Loader.dll" /reference:"C:\Program Files\dotnet\packs\Microsoft.NETCore.App.Ref\10.0.10\ref\net10.0\System.Runtime.Numerics.dll" /reference:"C:\Program Files\dotnet\packs\Microsoft.NETCore.App.Ref\10.0.10\ref\net10.0\System.Runtime.Serialization.dll" /reference:"C:\Program Files\dotnet\packs\Microsoft.NETCore.App.Ref\10.0.10\ref\net10.0\System.Runtime.Serialization.Formatters.dll" /reference:"C:\Program Files\dotnet\packs\Microsoft.NETCore.App.Ref\10.0.10\ref\net10.0\System.Runtime.Serialization.Json.dll" /reference:"C:\Program Files\dotnet\packs\Microsoft.NETCore.App.Ref\10.0.10\ref\net10.0\System.Runtime.Serialization.Primitives.dll" /reference:"C:\Program Files\dotnet\packs\Microsoft.NETCore.App.Ref\10.0.10\ref\net10.0\System.Runtime.Serialization.Xml.dll" /reference:"C:\Program Files\dotnet\packs\Microsoft.NETCore.App.Ref\10.0.10\ref\net10.0\System.Security.AccessControl.dll" /reference:"C:\Program Files\dotnet\packs\Microsoft.NETCore.App.Ref\10.0.10\ref\net10.0\System.Security.Claims.dll" /reference:"C:\Program Files\dotnet\packs\Microsoft.NETCore.App.Ref\10.0.10\ref\net10.0\System.Security.Cryptography.Algorithms.dll" /reference:"C:\Program Files\dotnet\packs\Microsoft.NETCore.App.Ref\10.0.10\ref\net10.0\System.Security.Cryptography.Cng.dll" /reference:"C:\Program Files\dotnet\packs\Microsoft.NETCore.App.Ref\10.0.10\ref\net10.0\System.Security.Cryptography.Csp.dll" /reference:"C:\Program Files\dotnet\packs\Microsoft.NETCore.App.Ref\10.0.10\ref\net10.0\System.Security.Cryptography.dll" /reference:"C:\Program Files\dotnet\packs\Microsoft.NETCore.App.Ref\10.0.10\ref\net10.0\System.Security.Cryptography.Encoding.dll" /reference:"C:\Program Files\dotnet\packs\Microsoft.NETCore.App.Ref\10.0.10\ref\net10.0\System.Security.Cryptography.OpenSsl.dll" /reference:"C:\Program Files\dotnet\packs\Microsoft.WindowsDesktop.App.Ref\10.0.10\ref\net10.0\System.Security.Cryptography.Pkcs.dll" /reference:"C:\Program Files\dotnet\packs\Microsoft.NETCore.App.Ref\10.0.10\ref\net10.0\System.Security.Cryptography.Primitives.dll" /reference:"C:\Program Files\dotnet\packs\Microsoft.WindowsDesktop.App.Ref\10.0.10\ref\net10.0\System.Security.Cryptography.ProtectedData.dll" /reference:"C:\Program Files\dotnet\packs\Microsoft.NETCore.App.Ref\10.0.10\ref\net10.0\System.Security.Cryptography.X509Certificates.dll" /reference:"C:\Program Files\dotnet\packs\Microsoft.WindowsDesktop.App.Ref\10.0.10\ref\net10.0\System.Security.Cryptography.Xml.dll" /reference:"C:\Program Files\dotnet\packs\Microsoft.NETCore.App.Ref\10.0.10\ref\net10.0\System.Security.dll" /reference:"C:\Program Files\dotnet\packs\Microsoft.WindowsDesktop.App.Ref\10.0.10\ref\net10.0\System.Security.Permissions.dll" /reference:"C:\Program Files\dotnet\packs\Microsoft.NETCore.App.Ref\10.0.10\ref\net10.0\System.Security.Principal.dll" /reference:"C:\Program Files\dotnet\packs\Microsoft.NETCore.App.Ref\10.0.10\ref\net10.0\System.Security.Principal.Windows.dll" /reference:"C:\Program Files\dotnet\packs\Microsoft.NETCore.App.Ref\10.0.10\ref\net10.0\System.Security.SecureString.dll" /reference:"C:\Program Files\dotnet\packs\Microsoft.NETCore.App.Ref\10.0.10\ref\net10.0\System.ServiceModel.Web.dll" /reference:"C:\Program Files\dotnet\packs\Microsoft.NETCore.App.Ref\10.0.10\ref\net10.0\System.ServiceProcess.dll" /reference:C:\Users\Jacob\.nuget\packages\system.speech\10.0.0\lib\net10.0\System.Speech.dll /reference:"C:\Program Files\dotnet\packs\Microsoft.NETCore.App.Ref\10.0.10\ref\net10.0\System.Text.Encoding.CodePages.dll" /reference:"C:\Program Files\dotnet\packs\Microsoft.NETCore.App.Ref\10.0.10\ref\net10.0\System.Text.Encoding.dll" /reference:"C:\Program Files\dotnet\packs\Microsoft.NETCore.App.Ref\10.0.10\ref\net10.0\System.Text.Encoding.Extensions.dll" /reference:"C:\Program Files\dotnet\packs\Microsoft.NETCore.App.Ref\10.0.10\ref\net10.0\System.Text.Encodings.Web.dll" /reference:"C:\Program Files\dotnet\packs\Microsoft.NETCore.App.Ref\10.0.10\ref\net10.0\System.Text.Json.dll" /reference:"C:\Program Files\dotnet\packs\Microsoft.NETCore.App.Ref\10.0.10\ref\net10.0\System.Text.RegularExpressions.dll" /reference:"C:\Program Files\dotnet\packs\Microsoft.NETCore.App.Ref\10.0.10\ref\net10.0\System.Threading.AccessControl.dll" /reference:"C:\Program Files\dotnet\packs\Microsoft.NETCore.App.Ref\10.0.10\ref\net10.0\System.Threading.Channels.dll" /reference:"C:\Program Files\dotnet\packs\Microsoft.NETCore.App.Ref\10.0.10\ref\net10.0\System.Threading.dll" /reference:"C:\Program Files\dotnet\packs\Microsoft.NETCore.App.Ref\10.0.10\ref\net10.0\System.Threading.Overlapped.dll" /reference:"C:\Program Files\dotnet\packs\Microsoft.NETCore.App.Ref\10.0.10\ref\net10.0\System.Threading.Tasks.Dataflow.dll" /reference:"C:\Program Files\dotnet\packs\Microsoft.NETCore.App.Ref\10.0.10\ref\net10.0\System.Threading.Tasks.dll" /reference:"C:\Program Files\dotnet\packs\Microsoft.NETCore.App.Ref\10.0.10\ref\net10.0\System.Threading.Tasks.Extensions.dll" /reference:"C:\Program Files\dotnet\packs\Microsoft.NETCore.App.Ref\10.0.10\ref\net10.0\System.Threading.Tasks.Parallel.dll" /reference:"C:\Program Files\dotnet\packs\Microsoft.NETCore.App.Ref\10.0.10\ref\net10.0\System.Threading.Thread.dll" /reference:"C:\Program Files\dotnet\packs\Microsoft.NETCore.App.Ref\10.0.10\ref\net10.0\System.Threading.ThreadPool.dll" /reference:"C:\Program Files\dotnet\packs\Microsoft.NETCore.App.Ref\10.0.10\ref\net10.0\System.Threading.Timer.dll" /reference:"C:\Program Files\dotnet\packs\Microsoft.NETCore.App.Ref\10.0.10\ref\net10.0\System.Transactions.dll" /reference:"C:\Program Files\dotnet\packs\Microsoft.NETCore.App.Ref\10.0.10\ref\net10.0\System.Transactions.Local.dll" /reference:"C:\Program Files\dotnet\packs\Microsoft.NETCore.App.Ref\10.0.10\ref\net10.0\System.ValueTuple.dll" /reference:"C:\Program Files\dotnet\packs\Microsoft.NETCore.App.Ref\10.0.10\ref\net10.0\System.Web.dll" /reference:"C:\Program Files\dotnet\packs\Microsoft.NETCore.App.Ref\10.0.10\ref\net10.0\System.Web.HttpUtility.dll" /reference:"C:\Program Files\dotnet\packs\Microsoft.NETCore.App.Ref\10.0.10\ref\net10.0\System.Windows.dll" /reference:"C:\Program Files\dotnet\packs\Microsoft.WindowsDesktop.App.Ref\10.0.10\ref\net10.0\System.Windows.Extensions.dll" /reference:"C:\Program Files\dotnet\packs\Microsoft.WindowsDesktop.App.Ref\10.0.10\ref\net10.0\System.Windows.Forms.Design.dll" /reference:"C:\Program Files\dotnet\packs\Microsoft.WindowsDesktop.App.Ref\10.0.10\ref\net10.0\System.Windows.Forms.Design.Editors.dll" /reference:"C:\Program Files\dotnet\packs\Microsoft.WindowsDesktop.App.Ref\10.0.10\ref\net10.0\System.Windows.Forms.dll" /reference:"C:\Program Files\dotnet\packs\Microsoft.WindowsDesktop.App.Ref\10.0.10\ref\net10.0\System.Windows.Forms.Primitives.dll" /reference:"C:\Program Files\dotnet\packs\Microsoft.NETCore.App.Ref\10.0.10\ref\net10.0\System.Xml.dll" /reference:"C:\Program Files\dotnet\packs\Microsoft.NETCore.App.Ref\10.0.10\ref\net10.0\System.Xml.Linq.dll" /reference:"C:\Program Files\dotnet\packs\Microsoft.NETCore.App.Ref\10.0.10\ref\net10.0\System.Xml.ReaderWriter.dll" /reference:"C:\Program Files\dotnet\packs\Microsoft.NETCore.App.Ref\10.0.10\ref\net10.0\System.Xml.Serialization.dll" /reference:"C:\Program Files\dotnet\packs\Microsoft.NETCore.App.Ref\10.0.10\ref\net10.0\System.Xml.XDocument.dll" /reference:"C:\Program Files\dotnet\packs\Microsoft.NETCore.App.Ref\10.0.10\ref\net10.0\System.Xml.XmlDocument.dll" /reference:"C:\Program Files\dotnet\packs\Microsoft.NETCore.App.Ref\10.0.10\ref\net10.0\System.Xml.XmlSerializer.dll" /reference:"C:\Program Files\dotnet\packs\Microsoft.NETCore.App.Ref\10.0.10\ref\net10.0\System.Xml.XPath.dll" /reference:"C:\Program Files\dotnet\packs\Microsoft.NETCore.App.Ref\10.0.10\ref\net10.0\System.Xml.XPath.XDocument.dll" /reference:C:\Users\Jacob\.nuget\packages\tmds.dbus.protocol\0.92.0\lib\net9.0\Tmds.DBus.Protocol.dll /reference:C:\Users\Jacob\.nuget\packages\webrtcvadsharp\1.3.2\lib\netstandard2.0\WebRtcVadSharp.dll /reference:C:\Users\Jacob\.nuget\packages\whisper.net\1.9.1\lib\net10.0\Whisper.net.dll /reference:"C:\Program Files\dotnet\packs\Microsoft.NETCore.App.Ref\10.0.10\ref\net10.0\WindowsBase.dll" /reference:C:\Users\Jacob\.nuget\packages\microsoft.windows.sdk.net.ref\10.0.19041.57\lib\net8.0\WinRT.Runtime.dll /features:"InterceptorsNamespaces=;Microsoft.Extensions.Validation.Generated" /debug- /debug:portable /filealign:512 /optimize+ /out:obj\x64\Release\net10.0-windows10.0.19041.0\Haven.dll /refout:obj\x64\Release\net10.0-windows10.0.19041.0\refint\Haven.dll /resource:obj\x64\Release\net10.0-windows10.0.19041.0\/Avalonia/resources,"!AvaloniaResources" /target:winexe /warnaserror+ /utf8output /win32icon:Assets\haven.ico /win32manifest:app.manifest /deterministic+ /sourcelink:obj\x64\Release\net10.0-windows10.0.19041.0\Haven.Desktop.sourcelink.json /langversion:14.0 /embed:obj\x64\Release\net10.0-windows10.0.19041.0\Haven.Desktop.GlobalUsings.g.cs /embed:"obj\x64\Release\net10.0-windows10.0.19041.0\.NETCoreApp,Version=v10.0.AssemblyAttributes.cs" /embed:obj\x64\Release\net10.0-windows10.0.19041.0\Haven.Desktop.AssemblyInfo.cs /analyzerconfig:"C:\Users\Jacob\OneDrive\Personal Files\Development\Visual Studio\Haven AI\Source\.editorconfig" /analyzerconfig:obj\x64\Release\net10.0-windows10.0.19041.0\Haven.Desktop.GeneratedMSBuildEditorConfig.editorconfig /analyzerconfig:"C:\Program Files\dotnet\sdk\10.0.302\Sdks\Microsoft.NET.Sdk\analyzers\build\config\analysislevel_10_default.globalconfig" /analyzer:"C:\Program Files\dotnet\sdk\10.0.302\Sdks\Microsoft.NET.Sdk\targets\..\analyzers\Microsoft.CodeAnalysis.CSharp.NetAnalyzers.dll" /analyzer:"C:\Program Files\dotnet\sdk\10.0.302\Sdks\Microsoft.NET.Sdk\targets\..\analyzers\Microsoft.CodeAnalysis.NetAnalyzers.dll" /analyzer:C:\Users\Jacob\.nuget\packages\avalonia\12.0.1\analyzers\dotnet\cs\Avalonia.Analyzers.CSharp.dll /analyzer:C:\Users\Jacob\.nuget\packages\avalonia\12.0.1\analyzers\dotnet\cs\Avalonia.Analyzers.CodeFixes.CSharp.dll /analyzer:C:\Users\Jacob\.nuget\packages\avalonia\12.0.1\analyzers\dotnet\cs\Avalonia.Analyzers.VisualBasic.dll /analyzer:C:\Users\Jacob\.nuget\packages\avalonia\12.0.1\analyzers\dotnet\cs\Avalonia.Generators.dll /analyzer:C:\Users\Jacob\.nuget\packages\microsoft.extensions.logging.abstractions\10.0.0\analyzers\dotnet\roslyn4.4\cs\Microsoft.Extensions.Logging.Generators.dll /analyzer:C:\Users\Jacob\.nuget\packages\microsoft.extensions.options\10.0.0\analyzers\dotnet\roslyn4.4\cs\Microsoft.Extensions.Options.SourceGeneration.dll /analyzer:"C:\Program Files\dotnet\packs\Microsoft.NETCore.App.Ref\10.0.10\analyzers/dotnet/cs/Microsoft.Interop.ComInterfaceGenerator.dll" /analyzer:"C:\Program Files\dotnet\packs\Microsoft.NETCore.App.Ref\10.0.10\analyzers/dotnet/cs/Microsoft.Interop.JavaScript.JSImportGenerator.dll" /analyzer:"C:\Program Files\dotnet\packs\Microsoft.NETCore.App.Ref\10.0.10\analyzers/dotnet/cs/Microsoft.Interop.LibraryImportGenerator.dll" /analyzer:"C:\Program Files\dotnet\packs\Microsoft.NETCore.App.Ref\10.0.10\analyzers/dotnet/cs/Microsoft.Interop.SourceGeneration.dll" /analyzer:"C:\Program Files\dotnet\packs\Microsoft.NETCore.App.Ref\10.0.10\analyzers/dotnet/cs/System.Text.Json.SourceGeneration.dll" /analyzer:"C:\Program Files\dotnet\packs\Microsoft.NETCore.App.Ref\10.0.10\analyzers/dotnet/cs/System.Text.RegularExpressions.Generator.dll" /analyzer:C:\Users\Jacob\.nuget\packages\microsoft.windows.sdk.net.ref\10.0.19041.57\analyzers/dotnet/cs/WinRT.SourceGenerator.dll /analyzer:"C:\Program Files\dotnet\packs\Microsoft.WindowsDesktop.App.Ref\10.0.10\analyzers/dotnet/System.Windows.Forms.Analyzers.dll" /analyzer:"C:\Program Files\dotnet\packs\Microsoft.WindowsDesktop.App.Ref\10.0.10\analyzers/dotnet/cs/System.Windows.Forms.Analyzers.CSharp.dll" /analyzer:"C:\Program Files\dotnet\packs\Microsoft.WindowsDesktop.App.Ref\10.0.10\analyzers/dotnet/cs/System.Windows.Forms.Analyzers.CodeFixes.CSharp.dll" /additionalfile:App.axaml /additionalfile:Controls\ActionButton.axaml /additionalfile:Controls\ContextUsageFlyout.axaml /additionalfile:Controls\DashboardCard.axaml /additionalfile:Controls\FlyoutPanel.axaml /additionalfile:Controls\GeneratedPagesFlyout.axaml /additionalfile:Controls\MessageBubble.axaml /additionalfile:Controls\NavigationFlyout.axaml /additionalfile:Controls\SimpleFlyoutPanel.axaml /additionalfile:Interface\BrowserSafetyView.axaml /additionalfile:Interface\Shell\MainView.axaml /additionalfile:Interface\Shell\Pop-Ups\GlobalCallWidget.axaml /additionalfile:Interface\Shell\Pop-Ups\LessonSettingsOverlay.axaml /additionalfile:Interface\Shell\Pop-Ups\ProjectSettingsOverlay.axaml /additionalfile:Interface\Shell\Pop-Ups\SettingsOverlay.axaml /additionalfile:MainWindow.axaml /additionalfile:Styles\DefaultTheme.axaml /additionalfile:Views\ActivityLogView.axaml /additionalfile:Views\ArchiveView.axaml /additionalfile:Views\AutomationsView.axaml /additionalfile:Views\BrowserView.axaml /additionalfile:Views\CallView.axaml /additionalfile:Views\CatalogView.axaml /additionalfile:Views\ChatGroupView.axaml /additionalfile:Views\ChatView.axaml /additionalfile:Views\CodeIntelligenceView.axaml /additionalfile:Views\ContainerSettingsView.axaml /additionalfile:Views\ConversationMessageToolsView.axaml /additionalfile:Views\ConversationProductionToolbarView.axaml /additionalfile:Views\ConversationRetrievalView.axaml /additionalfile:Views\ConversationUsageView.axaml /additionalfile:Views\CrossModeRetrievalView.axaml /additionalfile:Views\GeneratedPageView.axaml /additionalfile:Views\GenerativeUiAdvancedPageHandoffView.axaml /additionalfile:Views\GenerativeUiThemeSelectorView.axaml /additionalfile:Views\HomeView.axaml /additionalfile:Views\LanguageServerSettingsView.axaml /additionalfile:Views\LessonSettingsView.axaml /additionalfile:Views\ModeLibraryView.axaml /additionalfile:Views\ModelRoutingSettingsView.axaml /additionalfile:Views\Pages\ActivityLog\ActivityLogPage.axaml /additionalfile:Views\Pages\Archive\ArchivePage.axaml /additionalfile:Views\Pages\Automations\AutomationsPage.axaml /additionalfile:Views\Pages\Browser\BrowserPage.axaml /additionalfile:Views\Pages\Call\CallPage.axaml /additionalfile:Views\Pages\Catalog\CapabilityCatalogPage.axaml /additionalfile:Views\Pages\Catalog\CatalogPage.axaml /additionalfile:Views\Pages\Catalog\GenUiTemplatePreviewPage.axaml /additionalfile:Views\Pages\ChatGroup\ChatGroupPage.axaml /additionalfile:Views\Pages\Chat\ChatPage.axaml /additionalfile:Views\Pages\Chat\NewChatPage.axaml /additionalfile:Views\Pages\ContainerSettings\ContainerSettingsPage.axaml /additionalfile:Views\Pages\Go\GoPage.axaml /additionalfile:Views\Pages\Home\HomePage.axaml /additionalfile:Views\Pages\Home\NewDashboardPage.axaml /additionalfile:Views\Pages\LessonSettings\LessonSettingsPage.axaml /additionalfile:Views\Pages\ModeLibrary\ModeLibraryPage.axaml /additionalfile:Views\Pages\Notes\NotesPage.axaml /additionalfile:Views\Pages\Plan\PlanPage.axaml /additionalfile:Views\Pages\ProjectCreator\ProjectCreatorPage.axaml /additionalfile:Views\Pages\Settings\HavenAppearanceSettingsView.axaml /additionalfile:Views\Pages\Settings\SettingsPage.axaml /additionalfile:Views\Pages\StudioProject\StudioProjectPage.axaml /additionalfile:Views\Pages\Tasks\TasksPage.axaml /additionalfile:Views\Pages\Training\TrainingPage.axaml /additionalfile:Views\Pages\WorkspaceEditor\WorkspaceEditorPage.axaml /additionalfile:Views\Pages\WorkspaceHome\WorkspaceHomePage.axaml /additionalfile:Views\PlanView.axaml /additionalfile:Views\ProjectCreatorView.axaml /additionalfile:Views\ProviderConnectionsView.axaml /additionalfile:Views\ReliabilityStatusView.axaml /additionalfile:Views\SettingsView.axaml /additionalfile:Views\Shell\Sidebar\Sidebar.axaml /additionalfile:Views\Shell\SideRail\SideRail.axaml /additionalfile:Views\Shell\TopRail\ActionsFlyoutControl.axaml /additionalfile:Views\Shell\TopRail\AddMenuCatalogueControl.axaml /additionalfile:Views\Shell\TopRail\AddMenuFlyoutControl.axaml /additionalfile:Views\Shell\TopRail\AppLauncherControl.axaml /additionalfile:Views\Shell\TopRail\DynamicActionToolbarControl.axaml /additionalfile:Views\Shell\TopRail\TopRail.axaml /additionalfile:Views\Shell\TopRail\UniversalSearchControl.axaml /additionalfile:Views\StudioProjectView.axaml /additionalfile:Views\ThemePaletteEditorView.axaml /additionalfile:Views\TrainingView.axaml /additionalfile:Views\WorkspaceEditorView.axaml /additionalfile:Views\WorkspaceHomeView.axaml App.axaml.cs AvaloniaTypeAliases.cs Controls\AcrylicSurface.cs Controls\ActionButton.axaml.cs Controls\BrowserSafetyBootstrap.cs Controls\BrowserUtilitiesControl.cs Controls\ChatDraftAttachmentRecoveryBootstrap.cs Controls\ChatExecutionStatusControl.cs Controls\CodeIntelligenceBootstrap.cs Controls\ContextUsageFlyout.axaml.cs Controls\CrossModeRetrievalBootstrap.cs Controls\DashboardCard.axaml.cs Controls\DragDropCompatibility.cs Controls\ExperienceShellHost.cs Controls\FlyoutPanel.axaml.cs Controls\GeneratedPagesFlyout.axaml.cs Controls\GenerativeUiSlot.cs Controls\GenerativeUiSurface.cs Controls\HavenIcon.cs Controls\LanguageServerSettingsBootstrap.cs Controls\MagicalBackdrop.cs Controls\MarkdownRendererUpgradeBootstrap.cs Controls\MarkdownView.cs Controls\MessageBubble.axaml.cs Controls\ModelConfigurationControl.cs Controls\ModelRoutingSettingsBootstrap.cs Controls\MorphTransition.cs Controls\NavigationFlyout.axaml.cs Controls\NotesBlockEditorFactory.cs Controls\NotesDocumentLayoutSurface.cs Controls\NotesHtmlPreviewControl.cs Controls\NotesInkCanvasControl.cs Controls\NotesTransformIdentity.cs Controls\PlanAutomationControl.cs Controls\ProductionMarkdownView.cs Controls\RegenerationReplayBootstrap.cs Controls\SimpleFlyoutPanel.axaml.cs Controls\SurfacePaletteCatalog.cs Controls\TidalBackground.cs Controls\VisualBootstrapHost.cs Controls\WorkspaceChromeHost.ActionsBridge.cs Controls\WorkspaceChromeHost.cs Controls\WorkspaceChromeHost.MagicalTheme.cs Controls\WorkspaceChromeHost.ModernChrome.cs Controls\WorkspaceChromeHost.TabDragCompatibility.cs Converters\DateTimeOffsetDateConverter.cs Converters\PresenceConverters.cs DeveloperTools\AxamlSourceLocator.cs DeveloperTools\DeveloperElementInspection.cs DeveloperTools\DeveloperToolsWindow.cs DeveloperTools\ElementPickerWindow.cs DeveloperTools\HavenDeveloperToolsSession.cs Events\ElementProxy.cs Events\EventRegistration.cs Events\EventToken.cs Events\HavenEventBus.cs Events\Subscribe.cs GlobalUsings.Avalonia.cs GlobalUsings.Continuation.cs GlobalUsings.DragDropCompatibility.cs GlobalUsings.HavenUI.cs GlobalUsings.Tasks.cs HavenUI\Components\Buttons\HavenButtons.cs HavenUI\Components\Buttons\HoldToConfirmButton.cs HavenUI\Components\Feedback\HavenFeedback.cs HavenUI\Components\HavenControlThemeResolver.cs HavenUI\Components\Inputs\HavenInputs.cs HavenUI\Components\Menus\HavenMenus.cs HavenUI\Components\Overlays\HavenPopups.cs HavenUI\Components\Supplemental\HavenSupplementalControls.cs HavenUI\Components\Surfaces\HavenSurfaces.cs HavenUI\Components\Tabs\HavenTabs.cs HavenUI\Registry\HavenUiComponentRegistry.cs HavenUI\Responsive\HavenResponsiveStack.cs HavenUI\Tokens\HavenAccentPalette.cs HavenUI\Tokens\HavenAccentScope.cs HavenUI\Tokens\HavenUiMotion.cs HavenUI\Tokens\HavenUiResourceApplier.cs Interface\BrowserSafetyView.axaml.cs Interface\Shell\MainView.axaml.cs Interface\Shell\MainView.BetaOverlays.cs Interface\Shell\MainView.NativeChatSidebar.cs Interface\Shell\MainView.NativeChatSidebar.Navigation.cs Interface\Shell\MainView.NativeChatSidebar.Refresh.cs Interface\Shell\MainView.NativeChatSidebar.Start.cs Interface\Shell\MainView.NativeChatSidebar.Switch.cs Interface\Shell\MainView.Tasks.cs Interface\Shell\NativePresentation\NativeChatSidebar.cs Interface\Shell\NativePresentation\NativeChatUiStateStore.cs Interface\Shell\NativePresentation\NativePresentationReflection.cs Interface\Shell\NativePresentation\NativePresentationRoutePolicy.cs Interface\Shell\NativePresentation\NativeProjectsPage.Actions.cs Interface\Shell\NativePresentation\NativeProjectsPage.cs Interface\Shell\NativePresentation\NativeProjectsPage.Layout.cs Interface\Shell\NativePresentation\NativeProjectsPage.Lifecycle.cs Interface\Shell\NativePresentation\NativeProjectsPage.Rendering.cs Interface\Shell\NativePresentation\NativeProjectUiStateStore.cs Interface\Shell\Pop-Ups\GlobalCallWidget.axaml.cs Interface\Shell\Pop-Ups\LessonSettingsOverlay.axaml.cs Interface\Shell\Pop-Ups\ProjectSettingsOverlay.axaml.cs Interface\Shell\Pop-Ups\SettingsOverlay.axaml.cs InternalsVisibleTo.cs MainWindow.axaml.cs MainWindow.DeveloperTools.cs NotesGlobalUsings.cs ParallelHelper.cs Program.cs Services\AutomationDeliveryController.cs Services\CallCompletionController.cs Services\CallTranscriptExportFormatter.cs Services\CallVoicePreviewController.cs Services\ComputerUseOverlayCoordinator.cs Services\DesktopCallServiceRegistration.cs Services\GenerativeModeStudioHandoff.cs Services\GenerativeUiThemeRuntime.cs Services\GoSuggestionService.cs Services\HybridNaturalSpeechOutputService.cs Services\MagicalPalette.cs Services\MotionPreferencesService.cs Services\NotesDictationController.cs Services\NotesExperienceNavigation.cs Services\NotesMediaAiReview.cs Services\NotesReadAloudController.cs Services\NotificationService.cs Services\OllamaWakeService.cs Services\ProjectCreationService.cs Services\TrainingRunner.cs Services\UserPreferencesService.cs Services\VisualStudioInstallationService.cs Services\WindowsGraphicsCaptureService.cs Services\WindowsNaturalSpeechOutputService.cs UiBatcher.cs ViewModels\ActivatablePage.cs ViewModels\ActivityLogPageViewModel.cs ViewModels\BrowserPageViewModel.cs ViewModels\BrowserSafetyViewModel.cs ViewModels\CallPageViewModel.cs ViewModels\ChatGroupPageViewModel.cs ViewModels\ChatPageViewModel.cs ViewModels\CodeIntelligenceViewModel.cs ViewModels\Commands.cs ViewModels\CompanionDockViewModel.cs ViewModels\ConversationMessageToolsViewModel.cs ViewModels\ConversationProductionToolbarViewModel.cs ViewModels\ConversationRetrievalViewModel.cs ViewModels\ConversationUsageViewModel.cs ViewModels\CrossModeRetrievalViewModel.cs ViewModels\DeclarativeModeHostViewModel.cs ViewModels\GeneratedPageViewModel.cs ViewModels\GenerativeUiThemeStudioViewModel.cs ViewModels\HomePageViewModel.cs ViewModels\InChatCallWidgetViewModel.cs ViewModels\LanguageServerSettingsViewModel.cs ViewModels\MainWindowModeNavigationExtensions.cs ViewModels\MainWindowViewModel.cs ViewModels\ModelRoutingSettingsViewModel.cs ViewModels\NotesHelperTypes.cs ViewModels\NotesWorkspaceViewModel.cs ViewModels\ObservableObject.cs ViewModels\PlannerCompactWidgetViewModel.cs ViewModels\PlanPageViewModel.cs ViewModels\ProjectCreationProposal.cs ViewModels\ProjectCreatorPageViewModel.cs ViewModels\ProviderConnectionsViewModel.cs ViewModels\ReliabilityStatusViewModel.cs ViewModels\TrainingPageViewModel.cs ViewModels\UtilityPagesViewModels.cs ViewModels\WorkspaceSurfacesViewModels.cs Views\ActivityLogView.axaml.cs Views\ArchiveView.axaml.cs Views\AutomationsView.axaml.cs Views\BrowserView.axaml.cs Views\CallView.axaml.cs Views\CatalogView.axaml.cs Views\ChatGroupView.axaml.cs Views\ChatView.axaml.cs Views\ChatView.DraftAttachmentRecovery.cs Views\CodeIntelligenceView.axaml.cs Views\ContainerSettingsView.axaml.cs Views\ConversationMessageToolsView.axaml.cs Views\ConversationProductionToolbarView.axaml.cs Views\ConversationProductionToolbarView.RegenerationReplay.cs Views\ConversationRetrievalView.axaml.cs Views\ConversationUsageView.axaml.cs Views\CrossModeRetrievalView.axaml.cs Views\GeneratedPageView.axaml.cs Views\GenerativeUiAdvancedPageHandoffView.axaml.cs Views\GenerativeUiThemeSelectorView.axaml.cs Views\HomeView.axaml.cs Views\LanguageServerSettingsView.axaml.cs Views\LessonSettingsView.axaml.cs Views\ModeLibraryView.axaml.cs Views\ModelRoutingSettingsView.axaml.cs Views\NotesWorkspaceView.BlockInspector.cs Views\NotesWorkspaceView.cs Views\NotesWorkspaceView.Inspectors.cs Views\NotesWorkspaceView.Productivity.cs Views\NotesWorkspaceView.StudyAndCanvas.cs Views\Pages\ActivityLog\ActivityLogPage.axaml.cs Views\Pages\Archive\ArchivePage.axaml.cs Views\Pages\Automations\AutomationsPage.axaml.cs Views\Pages\Browser\BrowserPage.axaml.cs Views\Pages\Call\CallPage.axaml.cs Views\Pages\Catalog\CapabilityCatalogPage.axaml.cs Views\Pages\Catalog\CatalogPage.axaml.cs Views\Pages\Catalog\GenUiTemplatePreviewPage.axaml.cs Views\Pages\ChatGroup\ChatGroupPage.axaml.cs Views\Pages\Chat\ChatPage.axaml.cs Views\Pages\Chat\ChatPage.CodeBehindLayout.cs Views\Pages\Chat\NewChatPage.axaml.cs Views\Pages\ContainerSettings\ContainerSettingsPage.axaml.cs Views\Pages\Go\GoPage.axaml.cs Views\Pages\Home\HomePage.axaml.cs Views\Pages\Home\NewDashboardPage.axaml.cs Views\Pages\LessonSettings\LessonSettingsPage.axaml.cs Views\Pages\ModeLibrary\ModeLibraryPage.axaml.cs Views\Pages\Notes\NotesPage.axaml.cs Views\Pages\Plan\PlanPage.axaml.cs Views\Pages\ProjectCreator\ProjectCreatorPage.axaml.cs Views\Pages\ProjectCreator\ProjectCreatorPage.GitHub.cs Views\Pages\ProjectCreator\ProjectCreatorPage.VisualStudio.cs Views\Pages\Settings\HavenAppearanceSettingsView.axaml.cs Views\Pages\Settings\SettingsPage.axaml.cs Views\Pages\StudioProject\StudioProjectPage.axaml.cs Views\Pages\Tasks\TasksPage.axaml.cs Views\Pages\Training\TrainingPage.axaml.cs Views\Pages\WorkspaceEditor\WorkspaceEditorPage.axaml.cs Views\Pages\WorkspaceHome\WorkspaceHomePage.axaml.cs Views\PlanView.axaml.cs Views\ProjectCreatorView.axaml.cs Views\ProjectCreatorView.Helpers.cs Views\ProjectCreatorView.Pickers.cs Views\ProjectCreatorView.State.cs Views\ProviderConnectionsView.axaml.cs Views\ReliabilityStatusView.axaml.cs Views\SettingsView.axaml.cs Views\Shell\HavenAppRoutePolicy.cs Views\Shell\HavenShellEdition.cs Views\Shell\HavenStartupExperiencePolicy.cs Views\Shell\Sidebar\Sidebar.axaml.cs Views\Shell\SideRail\SideRail.axaml.cs Views\Shell\TopRail\ActionsFlyoutControl.axaml.cs Views\Shell\TopRail\AddMenu.cs Views\Shell\TopRail\AddMenuCatalogueControl.axaml.cs Views\Shell\TopRail\AddMenuFlyoutControl.axaml.cs Views\Shell\TopRail\AppLauncherControl.AvaloniaAlias.cs Views\Shell\TopRail\AppLauncherControl.axaml.cs Views\Shell\TopRail\AppLauncherFlyout.cs Views\Shell\TopRail\DynamicActionToolbar.cs Views\Shell\TopRail\DynamicActionToolbarControl.axaml.cs Views\Shell\TopRail\NotificationCentre.cs Views\Shell\TopRail\TaskAttachmentContext.cs Views\Shell\TopRail\TopRail.axaml.cs Views\Shell\TopRail\TopRail.Tasks.cs Views\Shell\TopRail\UniversalSearchControl.axaml.cs Views\StudioProjectView.axaml.cs Views\ThemePaletteEditorView.axaml.cs Views\TrainingView.axaml.cs Views\WorkspaceEditorView.axaml.cs Views\WorkspaceHomeView.axaml.cs obj\x64\Release\net10.0-windows10.0.19041.0\Haven.Desktop.GlobalUsings.g.cs "obj\x64\Release\net10.0-windows10.0.19041.0\.NETCoreApp,Version=v10.0.AssemblyAttributes.cs" obj\x64\Release\net10.0-windows10.0.19041.0\Haven.Desktop.AssemblyInfo.cs /warnaserror+:NU1605,SYSLIB0011
         Compilation request Haven.Desktop (net10.0-windows10.0.19041.0), PathToTool=C:\Program Files\dotnet\sdk\10.0.302\Roslyn\bincore\csc.exe
         CommandLine = ' /noconfig'
         BuildResponseFile = '/unsafe- /checked- /nowarn:1701,1702,AVLN3001,1701,1702,8002 /fullpaths /nostdlib+ /platform:x64 /errorreport:prompt /warn:10 /define:TRACE;RELEASE;NET;NET10_0;NETCOREAPP;WINDOWS;WINDOWS10_0_19041_0;NET5_0_OR_GREATER;NET6_0_OR_GREATER;NET7_0_OR_GREATER;NET8_0_OR_GREATER;NET9_0_OR_GREATER;NET10_0_OR_GREATER;NETCOREAPP1_0_OR_GREATER;NETCOREAPP1_1_OR_GREATER;NETCOREAPP2_0_OR_GREATER;NETCOREAPP2_1_OR_GREATER;NETCOREAPP2_2_OR_GREATER;NETCOREAPP3_0_OR_GREATER;NETCOREAPP3_1_OR_GREATER;WINDOWS10_0_19041_0_OR_GREATER;WINDOWS10_0_18362_0_OR_GREATER;WINDOWS10_0_17763_0_OR_GREATER;WINDOWS8_0_OR_GREATER;WINDOWS7_0_OR_GREATER /highentropyva+ /nullable:enable /reference:"C:\Program Files\dotnet\packs\Microsoft.WindowsDesktop.App.Ref\10.0.10\ref\net10.0\Accessibility.dll" /reference:C:\Users\Jacob\.nuget\packages\avalonia\12.0.1\ref\net10.0\Avalonia.Base.dll /reference:C:\Users\Jacob\.nuget\packages\avalonia\12.0.1\ref\net10.0\Avalonia.Controls.dll /reference:C:\Users\Jacob\.nuget\packages\avalonia.controls.webview\12.0.1\lib\net10.0\Avalonia.Controls.WebView.dll /reference:C:\Users\Jacob\.nuget\packages\avalonia\12.0.1\ref\net10.0\Avalonia.DesignerSupport.dll /reference:C:\Users\Jacob\.nuget\packages\avalonia.desktop\12.0.1\lib\net10.0\Avalonia.Desktop.dll /reference:C:\Users\Jacob\.nuget\packages\avalonia\12.0.1\ref\net10.0\Avalonia.Dialogs.dll /reference:C:\Users\Jacob\.nuget\packages\avalonia\12.0.1\ref\net10.0\Avalonia.dll /reference:C:\Users\Jacob\.nuget\packages\avalonia.freedesktop.atspi\12.0.1\lib\net10.0\Avalonia.FreeDesktop.AtSpi.dll /reference:C:\Users\Jacob\.nuget\packages\avalonia.freedesktop\12.0.1\lib\net10.0\Avalonia.FreeDesktop.dll /reference:C:\Users\Jacob\.nuget\packages\avalonia.harfbuzz\12.0.1\lib\net10.0\Avalonia.HarfBuzz.dll /reference:C:\Users\Jacob\.nuget\packages\avalonia\12.0.1\ref\net10.0\Avalonia.Markup.dll /reference:C:\Users\Jacob\.nuget\packages\avalonia\12.0.1\ref\net10.0\Avalonia.Markup.Xaml.dll /reference:C:\Users\Jacob\.nuget\packages\avalonia\12.0.1\ref\net10.0\Avalonia.Metal.dll /reference:C:\Users\Jacob\.nuget\packages\avalonia\12.0.1\ref\net10.0\Avalonia.MicroCom.dll /reference:C:\Users\Jacob\.nuget\packages\avalonia.native\12.0.1\lib\net10.0\Avalonia.Native.dll /reference:C:\Users\Jacob\.nuget\packages\avalonia\12.0.1\ref\net10.0\Avalonia.OpenGL.dll /reference:C:\Users\Jacob\.nuget\packages\avalonia.remote.protocol\12.0.1\lib\net10.0\Avalonia.Remote.Protocol.dll /reference:C:\Users\Jacob\.nuget\packages\avalonia.skia\12.0.1\lib\net10.0\Avalonia.Skia.dll /reference:C:\Users\Jacob\.nuget\packages\avalonia.themes.fluent\12.0.1\lib\net10.0\Avalonia.Themes.Fluent.dll /reference:C:\Users\Jacob\.nuget\packages\avalonia\12.0.1\ref\net10.0\Avalonia.Vulkan.dll /reference:C:\Users\Jacob\.nuget\packages\avalonia.win32\12.0.1\lib\net10.0\Avalonia.Win32.Automation.dll /reference:C:\Users\Jacob\.nuget\packages\avalonia.win32\12.0.1\lib\net10.0\Avalonia.Win32.dll /reference:C:\Users\Jacob\.nuget\packages\avalonia.x11\12.0.1\lib\net10.0\Avalonia.X11.dll /reference:C:\Users\Jacob\.nuget\packages\avaloniaui.diagnosticssupport\2.2.3\lib\net10.0\AvaloniaUI.DiagnosticsSupport.Avalonia.dll /reference:C:\Users\Jacob\.nuget\packages\harfbuzzsharp\8.3.1.3\lib\net8.0-windows10.0.19041\HarfBuzzSharp.dll /reference:"C:\Users\Jacob\OneDrive\Personal Files\Development\Visual Studio\Haven AI\Source\src\Haven.Application\obj\x64\Release\net10.0\ref\Haven.Application.dll" /reference:"C:\Users\Jacob\OneDrive\Personal Files\Development\Visual Studio\Haven AI\Source\src\Haven.Automations\obj\x64\Release\net10.0\ref\Haven.Automations.dll" /reference:"C:\Users\Jacob\OneDrive\Personal Files\Development\Visual Studio\Haven AI\Source\src\Haven.Browser\obj\x64\Release\net10.0\ref\Haven.Browser.dll" /reference:"C:\Users\Jacob\OneDrive\Personal Files\Development\Visual Studio\Haven AI\Source\src\Haven.Core\obj\x64\Release\net10.0\ref\Haven.Core.dll" /reference:"C:\Users\Jacob\OneDrive\Personal Files\Development\Visual Studio\Haven AI\Source\src\Haven.Infrastructure\obj\x64\Release\net10.0\ref\Haven.Infrastructure.dll" /reference:C:\Users\Jacob\.nuget\packages\kokorosharp\0.6.7\lib\net8.0\KokoroSharp.dll /reference:C:\Users\Jacob\.nuget\packages\microcom.runtime\0.11.4\lib\net5.0\MicroCom.Runtime.dll /reference:"C:\Program Files\dotnet\packs\Microsoft.NETCore.App.Ref\10.0.10\ref\net10.0\Microsoft.CSharp.dll" /reference:C:\Users\Jacob\.nuget\packages\microsoft.data.sqlite.core\10.0.9\lib\net8.0\Microsoft.Data.Sqlite.dll /reference:C:\Users\Jacob\.nuget\packages\microsoft.extensions.ai.abstractions\10.2.0\lib\net10.0\Microsoft.Extensions.AI.Abstractions.dll /reference:C:\Users\Jacob\.nuget\packages\microsoft.extensions.configuration.abstractions\10.0.0\lib\net10.0\Microsoft.Extensions.Configuration.Abstractions.dll /reference:C:\Users\Jacob\.nuget\packages\microsoft.extensions.configuration.binder\10.0.0\lib\net10.0\Microsoft.Extensions.Configuration.Binder.dll /reference:C:\Users\Jacob\.nuget\packages\microsoft.extensions.configuration.commandline\10.0.0\lib\net10.0\Microsoft.Extensions.Configuration.CommandLine.dll /reference:C:\Users\Jacob\.nuget\packages\microsoft.extensions.configuration\10.0.0\lib\net10.0\Microsoft.Extensions.Configuration.dll /reference:C:\Users\Jacob\.nuget\packages\microsoft.extensions.configuration.environmentvariables\10.0.0\lib\net10.0\Microsoft.Extensions.Configuration.EnvironmentVariables.dll /reference:C:\Users\Jacob\.nuget\packages\microsoft.extensions.configuration.fileextensions\10.0.0\lib\net10.0\Microsoft.Extensions.Configuration.FileExtensions.dll /reference:C:\Users\Jacob\.nuget\packages\microsoft.extensions.configuration.json\10.0.0\lib\net10.0\Microsoft.Extensions.Configuration.Json.dll /reference:C:\Users\Jacob\.nuget\packages\microsoft.extensions.configuration.usersecrets\10.0.0\lib\net10.0\Microsoft.Extensions.Configuration.UserSecrets.dll /reference:C:\Users\Jacob\.nuget\packages\microsoft.extensions.dependencyinjection.abstractions\10.0.0\lib\net10.0\Microsoft.Extensions.DependencyInjection.Abstractions.dll /reference:C:\Users\Jacob\.nuget\packages\microsoft.extensions.dependencyinjection\10.0.0\lib\net10.0\Microsoft.Extensions.DependencyInjection.dll /reference:C:\Users\Jacob\.nuget\packages\microsoft.extensions.diagnostics.abstractions\10.0.0\lib\net10.0\Microsoft.Extensions.Diagnostics.Abstractions.dll /reference:C:\Users\Jacob\.nuget\packages\microsoft.extensions.diagnostics\10.0.0\lib\net10.0\Microsoft.Extensions.Diagnostics.dll /reference:C:\Users\Jacob\.nuget\packages\microsoft.extensions.fileproviders.abstractions\10.0.0\lib\net10.0\Microsoft.Extensions.FileProviders.Abstractions.dll /reference:C:\Users\Jacob\.nuget\packages\microsoft.extensions.fileproviders.physical\10.0.0\lib\net10.0\Microsoft.Extensions.FileProviders.Physical.dll /reference:C:\Users\Jacob\.nuget\packages\microsoft.extensions.filesystemglobbing\10.0.0\lib\net10.0\Microsoft.Extensions.FileSystemGlobbing.dll /reference:C:\Users\Jacob\.nuget\packages\microsoft.extensions.hosting.abstractions\10.0.0\lib\net10.0\Microsoft.Extensions.Hosting.Abstractions.dll /reference:C:\Users\Jacob\.nuget\packages\microsoft.extensions.hosting\10.0.0\lib\net10.0\Microsoft.Extensions.Hosting.dll /reference:C:\Users\Jacob\.nuget\packages\microsoft.extensions.http\10.0.0\lib\net10.0\Microsoft.Extensions.Http.dll /reference:C:\Users\Jacob\.nuget\packages\microsoft.extensions.logging.abstractions\10.0.0\lib\net10.0\Microsoft.Extensions.Logging.Abstractions.dll /reference:C:\Users\Jacob\.nuget\packages\microsoft.extensions.logging.configuration\10.0.0\lib\net10.0\Microsoft.Extensions.Logging.Configuration.dll /reference:C:\Users\Jacob\.nuget\packages\microsoft.extensions.logging.console\10.0.0\lib\net10.0\Microsoft.Extensions.Logging.Console.dll /reference:C:\Users\Jacob\.nuget\packages\microsoft.extensions.logging.debug\10.0.0\lib\net10.0\Microsoft.Extensions.Logging.Debug.dll /reference:C:\Users\Jacob\.nuget\packages\microsoft.extensions.logging\10.0.0\lib\net10.0\Microsoft.Extensions.Logging.dll /reference:C:\Users\Jacob\.nuget\packages\microsoft.extensions.logging.eventlog\10.0.0\lib\net10.0\Microsoft.Extensions.Logging.EventLog.dll /reference:C:\Users\Jacob\.nuget\packages\microsoft.extensions.logging.eventsource\10.0.0\lib\net10.0\Microsoft.Extensions.Logging.EventSource.dll /reference:C:\Users\Jacob\.nuget\packages\microsoft.extensions.options.configurationextensions\10.0.0\lib\net10.0\Microsoft.Extensions.Options.ConfigurationExtensions.dll /reference:C:\Users\Jacob\.nuget\packages\microsoft.extensions.options\10.0.0\lib\net10.0\Microsoft.Extensions.Options.dll /reference:C:\Users\Jacob\.nuget\packages\microsoft.extensions.primitives\10.0.0\lib\net10.0\Microsoft.Extensions.Primitives.dll /reference:C:\Users\Jacob\.nuget\packages\microsoft.io.recyclablememorystream\3.0.1\lib\net6.0\Microsoft.IO.RecyclableMemoryStream.dll /reference:C:\Users\Jacob\.nuget\packages\microsoft.ml.onnxruntime.managed\1.22.0\lib\net8.0\Microsoft.ML.OnnxRuntime.dll /reference:"C:\Program Files\dotnet\packs\Microsoft.NETCore.App.Ref\10.0.10\ref\net10.0\Microsoft.VisualBasic.Core.dll" /reference:"C:\Program Files\dotnet\packs\Microsoft.WindowsDesktop.App.Ref\10.0.10\ref\net10.0\Microsoft.VisualBasic.dll" /reference:"C:\Program Files\dotnet\packs\Microsoft.WindowsDesktop.App.Ref\10.0.10\ref\net10.0\Microsoft.VisualBasic.Forms.dll" /reference:"C:\Program Files\dotnet\packs\Microsoft.NETCore.App.Ref\10.0.10\ref\net10.0\Microsoft.Win32.Primitives.dll" /reference:"C:\Program Files\dotnet\packs\Microsoft.WindowsDesktop.App.Ref\10.0.10\ref\net10.0\Microsoft.Win32.Registry.AccessControl.dll" /reference:"C:\Program Files\dotnet\packs\Microsoft.NETCore.App.Ref\10.0.10\ref\net10.0\Microsoft.Win32.Registry.dll" /reference:"C:\Program Files\dotnet\packs\Microsoft.WindowsDesktop.App.Ref\10.0.10\ref\net10.0\Microsoft.Win32.SystemEvents.dll" /reference:C:\Users\Jacob\.nuget\packages\microsoft.windows.sdk.net.ref\10.0.19041.57\lib\net8.0\Microsoft.Windows.SDK.NET.dll /reference:"C:\Program Files\dotnet\packs\Microsoft.NETCore.App.Ref\10.0.10\ref\net10.0\mscorlib.dll" /reference:C:\Users\Jacob\.nuget\packages\naudio.asio\2.3.0\lib\net8.0-windows7.0\NAudio.Asio.dll /reference:C:\Users\Jacob\.nuget\packages\naudio.core\2.3.0\lib\netstandard2.0\NAudio.Core.dll /reference:C:\Users\Jacob\.nuget\packages\naudio\2.3.0\lib\net6.0-windows7.0\NAudio.dll /reference:C:\Users\Jacob\.nuget\packages\naudio.midi\2.3.0\lib\netstandard2.0\NAudio.Midi.dll /reference:C:\Users\Jacob\.nuget\packages\naudio.wasapi\2.3.0\lib\netstandard2.0\NAudio.Wasapi.dll /reference:C:\Users\Jacob\.nuget\packages\naudio.winforms\2.3.0\lib\netcoreapp3.1\NAudio.WinForms.dll /reference:C:\Users\Jacob\.nuget\packages\naudio.winmm\2.3.0\lib\net6.0\NAudio.WinMM.dll /reference:"C:\Program Files\dotnet\packs\Microsoft.NETCore.App.Ref\10.0.10\ref\net10.0\netstandard.dll" /reference:C:\Users\Jacob\.nuget\packages\numsharp\0.30.0\lib\netstandard2.0\NumSharp.dll /reference:C:\Users\Jacob\.nuget\packages\opentk.audio.openal\5.0.0-pre.13\lib\net8.0\OpenTK.Audio.OpenAL.dll /reference:C:\Users\Jacob\.nuget\packages\opentk.core\5.0.0-pre.13\lib\net8.0\OpenTK.Core.dll /reference:C:\Users\Jacob\.nuget\packages\opentk.mathematics\5.0.0-pre.13\lib\net8.0\OpenTK.Mathematics.dll /reference:C:\Users\Jacob\.nuget\packages\skiasharp\3.119.3-preview.1.1\ref\net8.0-windows10.0.19041\SkiaSharp.dll /reference:C:\Users\Jacob\.nuget\packages\sqlitepclraw.core\3.0.3\lib\net8.0\SQLitePCLRaw.core.dll /reference:C:\Users\Jacob\.nuget\packages\sqlitepclraw.provider.winsqlite3\3.0.3\lib\netstandard2.0\SQLitePCLRaw.provider.winsqlite3.dll /reference:"C:\Program Files\dotnet\packs\Microsoft.NETCore.App.Ref\10.0.10\ref\net10.0\System.AppContext.dll" /reference:"C:\Program Files\dotnet\packs\Microsoft.NETCore.App.Ref\10.0.10\ref\net10.0\System.Buffers.dll" /reference:"C:\Program Files\dotnet\packs\Microsoft.WindowsDesktop.App.Ref\10.0.10\ref\net10.0\System.CodeDom.dll" /reference:"C:\Program Files\dotnet\packs\Microsoft.NETCore.App.Ref\10.0.10\ref\net10.0\System.Collections.Concurrent.dll" /reference:"C:\Program Files\dotnet\packs\Microsoft.NETCore.App.Ref\10.0.10\ref\net10.0\System.Collections.dll" /reference:"C:\Program Files\dotnet\packs\Microsoft.NETCore.App.Ref\10.0.10\ref\net10.0\System.Collections.Immutable.dll" /reference:"C:\Program Files\dotnet\packs\Microsoft.NETCore.App.Ref\10.0.10\ref\net10.0\System.Collections.NonGeneric.dll" /reference:"C:\Program Files\dotnet\packs\Microsoft.NETCore.App.Ref\10.0.10\ref\net10.0\System.Collections.Specialized.dll" /reference:"C:\Program Files\dotnet\packs\Microsoft.NETCore.App.Ref\10.0.10\ref\net10.0\System.ComponentModel.Annotations.dll" /reference:"C:\Program Files\dotnet\packs\Microsoft.NETCore.App.Ref\10.0.10\ref\net10.0\System.ComponentModel.DataAnnotations.dll" /reference:"C:\Program Files\dotnet\packs\Microsoft.NETCore.App.Ref\10.0.10\ref\net10.0\System.ComponentModel.dll" /reference:"C:\Program Files\dotnet\packs\Microsoft.NETCore.App.Ref\10.0.10\ref\net10.0\System.ComponentModel.EventBasedAsync.dll" /reference:"C:\Program Files\dotnet\packs\Microsoft.NETCore.App.Ref\10.0.10\ref\net10.0\System.ComponentModel.Primitives.dll" /reference:"C:\Program Files\dotnet\packs\Microsoft.NETCore.App.Ref\10.0.10\ref\net10.0\System.ComponentModel.TypeConverter.dll" /reference:"C:\Program Files\dotnet\packs\Microsoft.WindowsDesktop.App.Ref\10.0.10\ref\net10.0\System.Configuration.ConfigurationManager.dll" /reference:"C:\Program Files\dotnet\packs\Microsoft.NETCore.App.Ref\10.0.10\ref\net10.0\System.Configuration.dll" /reference:"C:\Program Files\dotnet\packs\Microsoft.NETCore.App.Ref\10.0.10\ref\net10.0\System.Console.dll" /reference:"C:\Program Files\dotnet\packs\Microsoft.NETCore.App.Ref\10.0.10\ref\net10.0\System.Core.dll" /reference:"C:\Program Files\dotnet\packs\Microsoft.NETCore.App.Ref\10.0.10\ref\net10.0\System.Data.Common.dll" /reference:"C:\Program Files\dotnet\packs\Microsoft.NETCore.App.Ref\10.0.10\ref\net10.0\System.Data.DataSetExtensions.dll" /reference:"C:\Program Files\dotnet\packs\Microsoft.NETCore.App.Ref\10.0.10\ref\net10.0\System.Data.dll" /reference:"C:\Program Files\dotnet\packs\Microsoft.WindowsDesktop.App.Ref\10.0.10\ref\net10.0\System.Design.dll" /reference:"C:\Program Files\dotnet\packs\Microsoft.NETCore.App.Ref\10.0.10\ref\net10.0\System.Diagnostics.Contracts.dll" /reference:"C:\Program Files\dotnet\packs\Microsoft.NETCore.App.Ref\10.0.10\ref\net10.0\System.Diagnostics.Debug.dll" /reference:"C:\Program Files\dotnet\packs\Microsoft.NETCore.App.Ref\10.0.10\ref\net10.0\System.Diagnostics.DiagnosticSource.dll" /reference:"C:\Program Files\dotnet\packs\Microsoft.WindowsDesktop.App.Ref\10.0.10\ref\net10.0\System.Diagnostics.EventLog.dll" /reference:"C:\Program Files\dotnet\packs\Microsoft.NETCore.App.Ref\10.0.10\ref\net10.0\System.Diagnostics.FileVersionInfo.dll" /reference:"C:\Program Files\dotnet\packs\Microsoft.WindowsDesktop.App.Ref\10.0.10\ref\net10.0\System.Diagnostics.PerformanceCounter.dll" /reference:"C:\Program Files\dotnet\packs\Microsoft.NETCore.App.Ref\10.0.10\ref\net10.0\System.Diagnostics.Process.dll" /reference:"C:\Program Files\dotnet\packs\Microsoft.NETCore.App.Ref\10.0.10\ref\net10.0\System.Diagnostics.StackTrace.dll" /reference:"C:\Program Files\dotnet\packs\Microsoft.NETCore.App.Ref\10.0.10\ref\net10.0\System.Diagnostics.TextWriterTraceListener.dll" /reference:"C:\Program Files\dotnet\packs\Microsoft.NETCore.App.Ref\10.0.10\ref\net10.0\System.Diagnostics.Tools.dll" /reference:"C:\Program Files\dotnet\packs\Microsoft.NETCore.App.Ref\10.0.10\ref\net10.0\System.Diagnostics.TraceSource.dll" /reference:"C:\Program Files\dotnet\packs\Microsoft.NETCore.App.Ref\10.0.10\ref\net10.0\System.Diagnostics.Tracing.dll" /reference:"C:\Program Files\dotnet\packs\Microsoft.WindowsDesktop.App.Ref\10.0.10\ref\net10.0\System.DirectoryServices.dll" /reference:"C:\Program Files\dotnet\packs\Microsoft.NETCore.App.Ref\10.0.10\ref\net10.0\System.dll" /reference:"C:\Program Files\dotnet\packs\Microsoft.WindowsDesktop.App.Ref\10.0.10\ref\net10.0\System.Drawing.Common.dll" /reference:"C:\Program Files\dotnet\packs\Microsoft.WindowsDesktop.App.Ref\10.0.10\ref\net10.0\System.Drawing.Design.dll" /reference:"C:\Program Files\dotnet\packs\Microsoft.WindowsDesktop.App.Ref\10.0.10\ref\net10.0\System.Drawing.dll" /reference:"C:\Program Files\dotnet\packs\Microsoft.NETCore.App.Ref\10.0.10\ref\net10.0\System.Drawing.Primitives.dll" /reference:"C:\Program Files\dotnet\packs\Microsoft.NETCore.App.Ref\10.0.10\ref\net10.0\System.Dynamic.Runtime.dll" /reference:"C:\Program Files\dotnet\packs\Microsoft.NETCore.App.Ref\10.0.10\ref\net10.0\System.Formats.Asn1.dll" /reference:"C:\Program Files\dotnet\packs\Microsoft.WindowsDesktop.App.Ref\10.0.10\ref\net10.0\System.Formats.Nrbf.dll" /reference:"C:\Program Files\dotnet\packs\Microsoft.NETCore.App.Ref\10.0.10\ref\net10.0\System.Formats.Tar.dll" /reference:"C:\Program Files\dotnet\packs\Microsoft.NETCore.App.Ref\10.0.10\ref\net10.0\System.Globalization.Calendars.dll" /reference:"C:\Program Files\dotnet\packs\Microsoft.NETCore.App.Ref\10.0.10\ref\net10.0\System.Globalization.dll" /reference:"C:\Program Files\dotnet\packs\Microsoft.NETCore.App.Ref\10.0.10\ref\net10.0\System.Globalization.Extensions.dll" /reference:"C:\Program Files\dotnet\packs\Microsoft.NETCore.App.Ref\10.0.10\ref\net10.0\System.IO.Compression.Brotli.dll" /reference:"C:\Program Files\dotnet\packs\Microsoft.NETCore.App.Ref\10.0.10\ref\net10.0\System.IO.Compression.dll" /reference:"C:\Program Files\dotnet\packs\Microsoft.NETCore.App.Ref\10.0.10\ref\net10.0\System.IO.Compression.FileSystem.dll" /reference:"C:\Program Files\dotnet\packs\Microsoft.NETCore.App.Ref\10.0.10\ref\net10.0\System.IO.Compression.ZipFile.dll" /reference:"C:\Program Files\dotnet\packs\Microsoft.NETCore.App.Ref\10.0.10\ref\net10.0\System.IO.dll" /reference:"C:\Program Files\dotnet\packs\Microsoft.NETCore.App.Ref\10.0.10\ref\net10.0\System.IO.FileSystem.AccessControl.dll" /reference:"C:\Program Files\dotnet\packs\Microsoft.NETCore.App.Ref\10.0.10\ref\net10.0\System.IO.FileSystem.dll" /reference:"C:\Program Files\dotnet\packs\Microsoft.NETCore.App.Ref\10.0.10\ref\net10.0\System.IO.FileSystem.DriveInfo.dll" /reference:"C:\Program Files\dotnet\packs\Microsoft.NETCore.App.Ref\10.0.10\ref\net10.0\System.IO.FileSystem.Primitives.dll" /reference:"C:\Program Files\dotnet\packs\Microsoft.NETCore.App.Ref\10.0.10\ref\net10.0\System.IO.FileSystem.Watcher.dll" /reference:"C:\Program Files\dotnet\packs\Microsoft.NETCore.App.Ref\10.0.10\ref\net10.0\System.IO.IsolatedStorage.dll" /reference:"C:\Program Files\dotnet\packs\Microsoft.NETCore.App.Ref\10.0.10\ref\net10.0\System.IO.MemoryMappedFiles.dll" /reference:"C:\Program Files\dotnet\packs\Microsoft.WindowsDesktop.App.Ref\10.0.10\ref\net10.0\System.IO.Packaging.dll" /reference:"C:\Program Files\dotnet\packs\Microsoft.NETCore.App.Ref\10.0.10\ref\net10.0\System.IO.Pipelines.dll" /reference:"C:\Program Files\dotnet\packs\Microsoft.NETCore.App.Ref\10.0.10\ref\net10.0\System.IO.Pipes.AccessControl.dll" /reference:"C:\Program Files\dotnet\packs\Microsoft.NETCore.App.Ref\10.0.10\ref\net10.0\System.IO.Pipes.dll" /reference:"C:\Program Files\dotnet\packs\Microsoft.NETCore.App.Ref\10.0.10\ref\net10.0\System.IO.UnmanagedMemoryStream.dll" /reference:"C:\Program Files\dotnet\packs\Microsoft.NETCore.App.Ref\10.0.10\ref\net10.0\System.Linq.AsyncEnumerable.dll" /reference:"C:\Program Files\dotnet\packs\Microsoft.NETCore.App.Ref\10.0.10\ref\net10.0\System.Linq.dll" /reference:"C:\Program Files\dotnet\packs\Microsoft.NETCore.App.Ref\10.0.10\ref\net10.0\System.Linq.Expressions.dll" /reference:"C:\Program Files\dotnet\packs\Microsoft.NETCore.App.Ref\10.0.10\ref\net10.0\System.Linq.Parallel.dll" /reference:"C:\Program Files\dotnet\packs\Microsoft.NETCore.App.Ref\10.0.10\ref\net10.0\System.Linq.Queryable.dll" /reference:"C:\Program Files\dotnet\packs\Microsoft.NETCore.App.Ref\10.0.10\ref\net10.0\System.Memory.dll" /reference:"C:\Program Files\dotnet\packs\Microsoft.NETCore.App.Ref\10.0.10\ref\net10.0\System.Net.dll" /reference:"C:\Program Files\dotnet\packs\Microsoft.NETCore.App.Ref\10.0.10\ref\net10.0\System.Net.Http.dll" /reference:"C:\Program Files\dotnet\packs\Microsoft.NETCore.App.Ref\10.0.10\ref\net10.0\System.Net.Http.Json.dll" /reference:"C:\Program Files\dotnet\packs\Microsoft.NETCore.App.Ref\10.0.10\ref\net10.0\System.Net.HttpListener.dll" /reference:"C:\Program Files\dotnet\packs\Microsoft.NETCore.App.Ref\10.0.10\ref\net10.0\System.Net.Mail.dll" /reference:"C:\Program Files\dotnet\packs\Microsoft.NETCore.App.Ref\10.0.10\ref\net10.0\System.Net.NameResolution.dll" /reference:"C:\Program Files\dotnet\packs\Microsoft.NETCore.App.Ref\10.0.10\ref\net10.0\System.Net.NetworkInformation.dll" /reference:"C:\Program Files\dotnet\packs\Microsoft.NETCore.App.Ref\10.0.10\ref\net10.0\System.Net.Ping.dll" /reference:"C:\Program Files\dotnet\packs\Microsoft.NETCore.App.Ref\10.0.10\ref\net10.0\System.Net.Primitives.dll" /reference:"C:\Program Files\dotnet\packs\Microsoft.NETCore.App.Ref\10.0.10\ref\net10.0\System.Net.Quic.dll" /reference:"C:\Program Files\dotnet\packs\Microsoft.NETCore.App.Ref\10.0.10\ref\net10.0\System.Net.Requests.dll" /reference:"C:\Program Files\dotnet\packs\Microsoft.NETCore.App.Ref\10.0.10\ref\net10.0\System.Net.Security.dll" /reference:"C:\Program Files\dotnet\packs\Microsoft.NETCore.App.Ref\10.0.10\ref\net10.0\System.Net.ServerSentEvents.dll" /reference:"C:\Program Files\dotnet\packs\Microsoft.NETCore.App.Ref\10.0.10\ref\net10.0\System.Net.ServicePoint.dll" /reference:"C:\Program Files\dotnet\packs\Microsoft.NETCore.App.Ref\10.0.10\ref\net10.0\System.Net.Sockets.dll" /reference:"C:\Program Files\dotnet\packs\Microsoft.NETCore.App.Ref\10.0.10\ref\net10.0\System.Net.WebClient.dll" /reference:"C:\Program Files\dotnet\packs\Microsoft.NETCore.App.Ref\10.0.10\ref\net10.0\System.Net.WebHeaderCollection.dll" /reference:"C:\Program Files\dotnet\packs\Microsoft.NETCore.App.Ref\10.0.10\ref\net10.0\System.Net.WebProxy.dll" /reference:"C:\Program Files\dotnet\packs\Microsoft.NETCore.App.Ref\10.0.10\ref\net10.0\System.Net.WebSockets.Client.dll" /reference:"C:\Program Files\dotnet\packs\Microsoft.NETCore.App.Ref\10.0.10\ref\net10.0\System.Net.WebSockets.dll" /reference:"C:\Program Files\dotnet\packs\Microsoft.NETCore.App.Ref\10.0.10\ref\net10.0\System.Numerics.dll" /reference:C:\Users\Jacob\.nuget\packages\system.numerics.tensors\9.0.5\lib\net9.0\System.Numerics.Tensors.dll /reference:"C:\Program Files\dotnet\packs\Microsoft.NETCore.App.Ref\10.0.10\ref\net10.0\System.Numerics.Vectors.dll" /reference:"C:\Program Files\dotnet\packs\Microsoft.NETCore.App.Ref\10.0.10\ref\net10.0\System.ObjectModel.dll" /reference:"C:\Program Files\dotnet\packs\Microsoft.WindowsDesktop.App.Ref\10.0.10\ref\net10.0\System.Private.Windows.Core.dll" /reference:"C:\Program Files\dotnet\packs\Microsoft.WindowsDesktop.App.Ref\10.0.10\ref\net10.0\System.Private.Windows.GdiPlus.dll" /reference:"C:\Program Files\dotnet\packs\Microsoft.NETCore.App.Ref\10.0.10\ref\net10.0\System.Reflection.DispatchProxy.dll" /reference:"C:\Program Files\dotnet\packs\Microsoft.NETCore.App.Ref\10.0.10\ref\net10.0\System.Reflection.dll" /reference:"C:\Program Files\dotnet\packs\Microsoft.NETCore.App.Ref\10.0.10\ref\net10.0\System.Reflection.Emit.dll" /reference:"C:\Program Files\dotnet\packs\Microsoft.NETCore.App.Ref\10.0.10\ref\net10.0\System.Reflection.Emit.ILGeneration.dll" /reference:"C:\Program Files\dotnet\packs\Microsoft.NETCore.App.Ref\10.0.10\ref\net10.0\System.Reflection.Emit.Lightweight.dll" /reference:"C:\Program Files\dotnet\packs\Microsoft.NETCore.App.Ref\10.0.10\ref\net10.0\System.Reflection.Extensions.dll" /reference:"C:\Program Files\dotnet\packs\Microsoft.NETCore.App.Ref\10.0.10\ref\net10.0\System.Reflection.Metadata.dll" /reference:"C:\Program Files\dotnet\packs\Microsoft.NETCore.App.Ref\10.0.10\ref\net10.0\System.Reflection.Primitives.dll" /reference:"C:\Program Files\dotnet\packs\Microsoft.NETCore.App.Ref\10.0.10\ref\net10.0\System.Reflection.TypeExtensions.dll" /reference:"C:\Program Files\dotnet\packs\Microsoft.WindowsDesktop.App.Ref\10.0.10\ref\net10.0\System.Resources.Extensions.dll" /reference:"C:\Program Files\dotnet\packs\Microsoft.NETCore.App.Ref\10.0.10\ref\net10.0\System.Resources.Reader.dll" /reference:"C:\Program Files\dotnet\packs\Microsoft.NETCore.App.Ref\10.0.10\ref\net10.0\System.Resources.ResourceManager.dll" /reference:"C:\Program Files\dotnet\packs\Microsoft.NETCore.App.Ref\10.0.10\ref\net10.0\System.Resources.Writer.dll" /reference:"C:\Program Files\dotnet\packs\Microsoft.NETCore.App.Ref\10.0.10\ref\net10.0\System.Runtime.CompilerServices.Unsafe.dll" /reference:"C:\Program Files\dotnet\packs\Microsoft.NETCore.App.Ref\10.0.10\ref\net10.0\System.Runtime.CompilerServices.VisualC.dll" /reference:"C:\Program Files\dotnet\packs\Microsoft.NETCore.App.Ref\10.0.10\ref\net10.0\System.Runtime.dll" /reference:"C:\Program Files\dotnet\packs\Microsoft.NETCore.App.Ref\10.0.10\ref\net10.0\System.Runtime.Extensions.dll" /reference:"C:\Program Files\dotnet\packs\Microsoft.NETCore.App.Ref\10.0.10\ref\net10.0\System.Runtime.Handles.dll" /reference:"C:\Program Files\dotnet\packs\Microsoft.NETCore.App.Ref\10.0.10\ref\net10.0\System.Runtime.InteropServices.dll" /reference:"C:\Program Files\dotnet\packs\Microsoft.NETCore.App.Ref\10.0.10\ref\net10.0\System.Runtime.InteropServices.JavaScript.dll" /reference:"C:\Program Files\dotnet\packs\Microsoft.NETCore.App.Ref\10.0.10\ref\net10.0\System.Runtime.InteropServices.RuntimeInformation.dll" /reference:"C:\Program Files\dotnet\packs\Microsoft.NETCore.App.Ref\10.0.10\ref\net10.0\System.Runtime.Intrinsics.dll" /reference:"C:\Program Files\dotnet\packs\Microsoft.NETCore.App.Ref\10.0.10\ref\net10.0\System.Runtime.Loader.dll" /reference:"C:\Program Files\dotnet\packs\Microsoft.NETCore.App.Ref\10.0.10\ref\net10.0\System.Runtime.Numerics.dll" /reference:"C:\Program Files\dotnet\packs\Microsoft.NETCore.App.Ref\10.0.10\ref\net10.0\System.Runtime.Serialization.dll" /reference:"C:\Program Files\dotnet\packs\Microsoft.NETCore.App.Ref\10.0.10\ref\net10.0\System.Runtime.Serialization.Formatters.dll" /reference:"C:\Program Files\dotnet\packs\Microsoft.NETCore.App.Ref\10.0.10\ref\net10.0\System.Runtime.Serialization.Json.dll" /reference:"C:\Program Files\dotnet\packs\Microsoft.NETCore.App.Ref\10.0.10\ref\net10.0\System.Runtime.Serialization.Primitives.dll" /reference:"C:\Program Files\dotnet\packs\Microsoft.NETCore.App.Ref\10.0.10\ref\net10.0\System.Runtime.Serialization.Xml.dll" /reference:"C:\Program Files\dotnet\packs\Microsoft.NETCore.App.Ref\10.0.10\ref\net10.0\System.Security.AccessControl.dll" /reference:"C:\Program Files\dotnet\packs\Microsoft.NETCore.App.Ref\10.0.10\ref\net10.0\System.Security.Claims.dll" /reference:"C:\Program Files\dotnet\packs\Microsoft.NETCore.App.Ref\10.0.10\ref\net10.0\System.Security.Cryptography.Algorithms.dll" /reference:"C:\Program Files\dotnet\packs\Microsoft.NETCore.App.Ref\10.0.10\ref\net10.0\System.Security.Cryptography.Cng.dll" /reference:"C:\Program Files\dotnet\packs\Microsoft.NETCore.App.Ref\10.0.10\ref\net10.0\System.Security.Cryptography.Csp.dll" /reference:"C:\Program Files\dotnet\packs\Microsoft.NETCore.App.Ref\10.0.10\ref\net10.0\System.Security.Cryptography.dll" /reference:"C:\Program Files\dotnet\packs\Microsoft.NETCore.App.Ref\10.0.10\ref\net10.0\System.Security.Cryptography.Encoding.dll" /reference:"C:\Program Files\dotnet\packs\Microsoft.NETCore.App.Ref\10.0.10\ref\net10.0\System.Security.Cryptography.OpenSsl.dll" /reference:"C:\Program Files\dotnet\packs\Microsoft.WindowsDesktop.App.Ref\10.0.10\ref\net10.0\System.Security.Cryptography.Pkcs.dll" /reference:"C:\Program Files\dotnet\packs\Microsoft.NETCore.App.Ref\10.0.10\ref\net10.0\System.Security.Cryptography.Primitives.dll" /reference:"C:\Program Files\dotnet\packs\Microsoft.WindowsDesktop.App.Ref\10.0.10\ref\net10.0\System.Security.Cryptography.ProtectedData.dll" /reference:"C:\Program Files\dotnet\packs\Microsoft.NETCore.App.Ref\10.0.10\ref\net10.0\System.Security.Cryptography.X509Certificates.dll" /reference:"C:\Program Files\dotnet\packs\Microsoft.WindowsDesktop.App.Ref\10.0.10\ref\net10.0\System.Security.Cryptography.Xml.dll" /reference:"C:\Program Files\dotnet\packs\Microsoft.NETCore.App.Ref\10.0.10\ref\net10.0\System.Security.dll" /reference:"C:\Program Files\dotnet\packs\Microsoft.WindowsDesktop.App.Ref\10.0.10\ref\net10.0\System.Security.Permissions.dll" /reference:"C:\Program Files\dotnet\packs\Microsoft.NETCore.App.Ref\10.0.10\ref\net10.0\System.Security.Principal.dll" /reference:"C:\Program Files\dotnet\packs\Microsoft.NETCore.App.Ref\10.0.10\ref\net10.0\System.Security.Principal.Windows.dll" /reference:"C:\Program Files\dotnet\packs\Microsoft.NETCore.App.Ref\10.0.10\ref\net10.0\System.Security.SecureString.dll" /reference:"C:\Program Files\dotnet\packs\Microsoft.NETCore.App.Ref\10.0.10\ref\net10.0\System.ServiceModel.Web.dll" /reference:"C:\Program Files\dotnet\packs\Microsoft.NETCore.App.Ref\10.0.10\ref\net10.0\System.ServiceProcess.dll" /reference:C:\Users\Jacob\.nuget\packages\system.speech\10.0.0\lib\net10.0\System.Speech.dll /reference:"C:\Program Files\dotnet\packs\Microsoft.NETCore.App.Ref\10.0.10\ref\net10.0\System.Text.Encoding.CodePages.dll" /reference:"C:\Program Files\dotnet\packs\Microsoft.NETCore.App.Ref\10.0.10\ref\net10.0\System.Text.Encoding.dll" /reference:"C:\Program Files\dotnet\packs\Microsoft.NETCore.App.Ref\10.0.10\ref\net10.0\System.Text.Encoding.Extensions.dll" /reference:"C:\Program Files\dotnet\packs\Microsoft.NETCore.App.Ref\10.0.10\ref\net10.0\System.Text.Encodings.Web.dll" /reference:"C:\Program Files\dotnet\packs\Microsoft.NETCore.App.Ref\10.0.10\ref\net10.0\System.Text.Json.dll" /reference:"C:\Program Files\dotnet\packs\Microsoft.NETCore.App.Ref\10.0.10\ref\net10.0\System.Text.RegularExpressions.dll" /reference:"C:\Program Files\dotnet\packs\Microsoft.NETCore.App.Ref\10.0.10\ref\net10.0\System.Threading.AccessControl.dll" /reference:"C:\Program Files\dotnet\packs\Microsoft.NETCore.App.Ref\10.0.10\ref\net10.0\System.Threading.Channels.dll" /reference:"C:\Program Files\dotnet\packs\Microsoft.NETCore.App.Ref\10.0.10\ref\net10.0\System.Threading.dll" /reference:"C:\Program Files\dotnet\packs\Microsoft.NETCore.App.Ref\10.0.10\ref\net10.0\System.Threading.Overlapped.dll" /reference:"C:\Program Files\dotnet\packs\Microsoft.NETCore.App.Ref\10.0.10\ref\net10.0\System.Threading.Tasks.Dataflow.dll" /reference:"C:\Program Files\dotnet\packs\Microsoft.NETCore.App.Ref\10.0.10\ref\net10.0\System.Threading.Tasks.dll" /reference:"C:\Program Files\dotnet\packs\Microsoft.NETCore.App.Ref\10.0.10\ref\net10.0\System.Threading.Tasks.Extensions.dll" /reference:"C:\Program Files\dotnet\packs\Microsoft.NETCore.App.Ref\10.0.10\ref\net10.0\System.Threading.Tasks.Parallel.dll" /reference:"C:\Program Files\dotnet\packs\Microsoft.NETCore.App.Ref\10.0.10\ref\net10.0\System.Threading.Thread.dll" /reference:"C:\Program Files\dotnet\packs\Microsoft.NETCore.App.Ref\10.0.10\ref\net10.0\System.Threading.ThreadPool.dll" /reference:"C:\Program Files\dotnet\packs\Microsoft.NETCore.App.Ref\10.0.10\ref\net10.0\System.Threading.Timer.dll" /reference:"C:\Program Files\dotnet\packs\Microsoft.NETCore.App.Ref\10.0.10\ref\net10.0\System.Transactions.dll" /reference:"C:\Program Files\dotnet\packs\Microsoft.NETCore.App.Ref\10.0.10\ref\net10.0\System.Transactions.Local.dll" /reference:"C:\Program Files\dotnet\packs\Microsoft.NETCore.App.Ref\10.0.10\ref\net10.0\System.ValueTuple.dll" /reference:"C:\Program Files\dotnet\packs\Microsoft.NETCore.App.Ref\10.0.10\ref\net10.0\System.Web.dll" /reference:"C:\Program Files\dotnet\packs\Microsoft.NETCore.App.Ref\10.0.10\ref\net10.0\System.Web.HttpUtility.dll" /reference:"C:\Program Files\dotnet\packs\Microsoft.NETCore.App.Ref\10.0.10\ref\net10.0\System.Windows.dll" /reference:"C:\Program Files\dotnet\packs\Microsoft.WindowsDesktop.App.Ref\10.0.10\ref\net10.0\System.Windows.Extensions.dll" /reference:"C:\Program Files\dotnet\packs\Microsoft.WindowsDesktop.App.Ref\10.0.10\ref\net10.0\System.Windows.Forms.Design.dll" /reference:"C:\Program Files\dotnet\packs\Microsoft.WindowsDesktop.App.Ref\10.0.10\ref\net10.0\System.Windows.Forms.Design.Editors.dll" /reference:"C:\Program Files\dotnet\packs\Microsoft.WindowsDesktop.App.Ref\10.0.10\ref\net10.0\System.Windows.Forms.dll" /reference:"C:\Program Files\dotnet\packs\Microsoft.WindowsDesktop.App.Ref\10.0.10\ref\net10.0\System.Windows.Forms.Primitives.dll" /reference:"C:\Program Files\dotnet\packs\Microsoft.NETCore.App.Ref\10.0.10\ref\net10.0\System.Xml.dll" /reference:"C:\Program Files\dotnet\packs\Microsoft.NETCore.App.Ref\10.0.10\ref\net10.0\System.Xml.Linq.dll" /reference:"C:\Program Files\dotnet\packs\Microsoft.NETCore.App.Ref\10.0.10\ref\net10.0\System.Xml.ReaderWriter.dll" /reference:"C:\Program Files\dotnet\packs\Microsoft.NETCore.App.Ref\10.0.10\ref\net10.0\System.Xml.Serialization.dll" /reference:"C:\Program Files\dotnet\packs\Microsoft.NETCore.App.Ref\10.0.10\ref\net10.0\System.Xml.XDocument.dll" /reference:"C:\Program Files\dotnet\packs\Microsoft.NETCore.App.Ref\10.0.10\ref\net10.0\System.Xml.XmlDocument.dll" /reference:"C:\Program Files\dotnet\packs\Microsoft.NETCore.App.Ref\10.0.10\ref\net10.0\System.Xml.XmlSerializer.dll" /reference:"C:\Program Files\dotnet\packs\Microsoft.NETCore.App.Ref\10.0.10\ref\net10.0\System.Xml.XPath.dll" /reference:"C:\Program Files\dotnet\packs\Microsoft.NETCore.App.Ref\10.0.10\ref\net10.0\System.Xml.XPath.XDocument.dll" /reference:C:\Users\Jacob\.nuget\packages\tmds.dbus.protocol\0.92.0\lib\net9.0\Tmds.DBus.Protocol.dll /reference:C:\Users\Jacob\.nuget\packages\webrtcvadsharp\1.3.2\lib\netstandard2.0\WebRtcVadSharp.dll /reference:C:\Users\Jacob\.nuget\packages\whisper.net\1.9.1\lib\net10.0\Whisper.net.dll /reference:"C:\Program Files\dotnet\packs\Microsoft.NETCore.App.Ref\10.0.10\ref\net10.0\WindowsBase.dll" /reference:C:\Users\Jacob\.nuget\packages\microsoft.windows.sdk.net.ref\10.0.19041.57\lib\net8.0\WinRT.Runtime.dll /features:"InterceptorsNamespaces=;Microsoft.Extensions.Validation.Generated" /debug- /debug:portable /filealign:512 /optimize+ /out:obj\x64\Release\net10.0-windows10.0.19041.0\Haven.dll /refout:obj\x64\Release\net10.0-windows10.0.19041.0\refint\Haven.dll /resource:obj\x64\Release\net10.0-windows10.0.19041.0\/Avalonia/resources,"!AvaloniaResources" /target:winexe /warnaserror+ /utf8output /win32icon:Assets\haven.ico /win32manifest:app.manifest /deterministic+ /sourcelink:obj\x64\Release\net10.0-windows10.0.19041.0\Haven.Desktop.sourcelink.json /langversion:14.0 /embed:obj\x64\Release\net10.0-windows10.0.19041.0\Haven.Desktop.GlobalUsings.g.cs /embed:"obj\x64\Release\net10.0-windows10.0.19041.0\.NETCoreApp,Version=v10.0.AssemblyAttributes.cs" /embed:obj\x64\Release\net10.0-windows10.0.19041.0\Haven.Desktop.AssemblyInfo.cs /analyzerconfig:"C:\Users\Jacob\OneDrive\Personal Files\Development\Visual Studio\Haven AI\Source\.editorconfig" /analyzerconfig:obj\x64\Release\net10.0-windows10.0.19041.0\Haven.Desktop.GeneratedMSBuildEditorConfig.editorconfig /analyzerconfig:"C:\Program Files\dotnet\sdk\10.0.302\Sdks\Microsoft.NET.Sdk\analyzers\build\config\analysislevel_10_default.globalconfig" /analyzer:"C:\Program Files\dotnet\sdk\10.0.302\Sdks\Microsoft.NET.Sdk\targets\..\analyzers\Microsoft.CodeAnalysis.CSharp.NetAnalyzers.dll" /analyzer:"C:\Program Files\dotnet\sdk\10.0.302\Sdks\Microsoft.NET.Sdk\targets\..\analyzers\Microsoft.CodeAnalysis.NetAnalyzers.dll" /analyzer:C:\Users\Jacob\.nuget\packages\avalonia\12.0.1\analyzers\dotnet\cs\Avalonia.Analyzers.CSharp.dll /analyzer:C:\Users\Jacob\.nuget\packages\avalonia\12.0.1\analyzers\dotnet\cs\Avalonia.Analyzers.CodeFixes.CSharp.dll /analyzer:C:\Users\Jacob\.nuget\packages\avalonia\12.0.1\analyzers\dotnet\cs\Avalonia.Analyzers.VisualBasic.dll /analyzer:C:\Users\Jacob\.nuget\packages\avalonia\12.0.1\analyzers\dotnet\cs\Avalonia.Generators.dll /analyzer:C:\Users\Jacob\.nuget\packages\microsoft.extensions.logging.abstractions\10.0.0\analyzers\dotnet\roslyn4.4\cs\Microsoft.Extensions.Logging.Generators.dll /analyzer:C:\Users\Jacob\.nuget\packages\microsoft.extensions.options\10.0.0\analyzers\dotnet\roslyn4.4\cs\Microsoft.Extensions.Options.SourceGeneration.dll /analyzer:"C:\Program Files\dotnet\packs\Microsoft.NETCore.App.Ref\10.0.10\analyzers/dotnet/cs/Microsoft.Interop.ComInterfaceGenerator.dll" /analyzer:"C:\Program Files\dotnet\packs\Microsoft.NETCore.App.Ref\10.0.10\analyzers/dotnet/cs/Microsoft.Interop.JavaScript.JSImportGenerator.dll" /analyzer:"C:\Program Files\dotnet\packs\Microsoft.NETCore.App.Ref\10.0.10\analyzers/dotnet/cs/Microsoft.Interop.LibraryImportGenerator.dll" /analyzer:"C:\Program Files\dotnet\packs\Microsoft.NETCore.App.Ref\10.0.10\analyzers/dotnet/cs/Microsoft.Interop.SourceGeneration.dll" /analyzer:"C:\Program Files\dotnet\packs\Microsoft.NETCore.App.Ref\10.0.10\analyzers/dotnet/cs/System.Text.Json.SourceGeneration.dll" /analyzer:"C:\Program Files\dotnet\packs\Microsoft.NETCore.App.Ref\10.0.10\analyzers/dotnet/cs/System.Text.RegularExpressions.Generator.dll" /analyzer:C:\Users\Jacob\.nuget\packages\microsoft.windows.sdk.net.ref\10.0.19041.57\analyzers/dotnet/cs/WinRT.SourceGenerator.dll /analyzer:"C:\Program Files\dotnet\packs\Microsoft.WindowsDesktop.App.Ref\10.0.10\analyzers/dotnet/System.Windows.Forms.Analyzers.dll" /analyzer:"C:\Program Files\dotnet\packs\Microsoft.WindowsDesktop.App.Ref\10.0.10\analyzers/dotnet/cs/System.Windows.Forms.Analyzers.CSharp.dll" /analyzer:"C:\Program Files\dotnet\packs\Microsoft.WindowsDesktop.App.Ref\10.0.10\analyzers/dotnet/cs/System.Windows.Forms.Analyzers.CodeFixes.CSharp.dll" /additionalfile:App.axaml /additionalfile:Controls\ActionButton.axaml /additionalfile:Controls\ContextUsageFlyout.axaml /additionalfile:Controls\DashboardCard.axaml /additionalfile:Controls\FlyoutPanel.axaml /additionalfile:Controls\GeneratedPagesFlyout.axaml /additionalfile:Controls\MessageBubble.axaml /additionalfile:Controls\NavigationFlyout.axaml /additionalfile:Controls\SimpleFlyoutPanel.axaml /additionalfile:Interface\BrowserSafetyView.axaml /additionalfile:Interface\Shell\MainView.axaml /additionalfile:Interface\Shell\Pop-Ups\GlobalCallWidget.axaml /additionalfile:Interface\Shell\Pop-Ups\LessonSettingsOverlay.axaml /additionalfile:Interface\Shell\Pop-Ups\ProjectSettingsOverlay.axaml /additionalfile:Interface\Shell\Pop-Ups\SettingsOverlay.axaml /additionalfile:MainWindow.axaml /additionalfile:Styles\DefaultTheme.axaml /additionalfile:Views\ActivityLogView.axaml /additionalfile:Views\ArchiveView.axaml /additionalfile:Views\AutomationsView.axaml /additionalfile:Views\BrowserView.axaml /additionalfile:Views\CallView.axaml /additionalfile:Views\CatalogView.axaml /additionalfile:Views\ChatGroupView.axaml /additionalfile:Views\ChatView.axaml /additionalfile:Views\CodeIntelligenceView.axaml /additionalfile:Views\ContainerSettingsView.axaml /additionalfile:Views\ConversationMessageToolsView.axaml /additionalfile:Views\ConversationProductionToolbarView.axaml /additionalfile:Views\ConversationRetrievalView.axaml /additionalfile:Views\ConversationUsageView.axaml /additionalfile:Views\CrossModeRetrievalView.axaml /additionalfile:Views\GeneratedPageView.axaml /additionalfile:Views\GenerativeUiAdvancedPageHandoffView.axaml /additionalfile:Views\GenerativeUiThemeSelectorView.axaml /additionalfile:Views\HomeView.axaml /additionalfile:Views\LanguageServerSettingsView.axaml /additionalfile:Views\LessonSettingsView.axaml /additionalfile:Views\ModeLibraryView.axaml /additionalfile:Views\ModelRoutingSettingsView.axaml /additionalfile:Views\Pages\ActivityLog\ActivityLogPage.axaml /additionalfile:Views\Pages\Archive\ArchivePage.axaml /additionalfile:Views\Pages\Automations\AutomationsPage.axaml /additionalfile:Views\Pages\Browser\BrowserPage.axaml /additionalfile:Views\Pages\Call\CallPage.axaml /additionalfile:Views\Pages\Catalog\CapabilityCatalogPage.axaml /additionalfile:Views\Pages\Catalog\CatalogPage.axaml /additionalfile:Views\Pages\Catalog\GenUiTemplatePreviewPage.axaml /additionalfile:Views\Pages\ChatGroup\ChatGroupPage.axaml /additionalfile:Views\Pages\Chat\ChatPage.axaml /additionalfile:Views\Pages\Chat\NewChatPage.axaml /additionalfile:Views\Pages\ContainerSettings\ContainerSettingsPage.axaml /additionalfile:Views\Pages\Go\GoPage.axaml /additionalfile:Views\Pages\Home\HomePage.axaml /additionalfile:Views\Pages\Home\NewDashboardPage.axaml /additionalfile:Views\Pages\LessonSettings\LessonSettingsPage.axaml /additionalfile:Views\Pages\ModeLibrary\ModeLibraryPage.axaml /additionalfile:Views\Pages\Notes\NotesPage.axaml /additionalfile:Views\Pages\Plan\PlanPage.axaml /additionalfile:Views\Pages\ProjectCreator\ProjectCreatorPage.axaml /additionalfile:Views\Pages\Settings\HavenAppearanceSettingsView.axaml /additionalfile:Views\Pages\Settings\SettingsPage.axaml /additionalfile:Views\Pages\StudioProject\StudioProjectPage.axaml /additionalfile:Views\Pages\Tasks\TasksPage.axaml /additionalfile:Views\Pages\Training\TrainingPage.axaml /additionalfile:Views\Pages\WorkspaceEditor\WorkspaceEditorPage.axaml /additionalfile:Views\Pages\WorkspaceHome\WorkspaceHomePage.axaml /additionalfile:Views\PlanView.axaml /additionalfile:Views\ProjectCreatorView.axaml /additionalfile:Views\ProviderConnectionsView.axaml /additionalfile:Views\ReliabilityStatusView.axaml /additionalfile:Views\SettingsView.axaml /additionalfile:Views\Shell\Sidebar\Sidebar.axaml /additionalfile:Views\Shell\SideRail\SideRail.axaml /additionalfile:Views\Shell\TopRail\ActionsFlyoutControl.axaml /additionalfile:Views\Shell\TopRail\AddMenuCatalogueControl.axaml /additionalfile:Views\Shell\TopRail\AddMenuFlyoutControl.axaml /additionalfile:Views\Shell\TopRail\AppLauncherControl.axaml /additionalfile:Views\Shell\TopRail\DynamicActionToolbarControl.axaml /additionalfile:Views\Shell\TopRail\TopRail.axaml /additionalfile:Views\Shell\TopRail\UniversalSearchControl.axaml /additionalfile:Views\StudioProjectView.axaml /additionalfile:Views\ThemePaletteEditorView.axaml /additionalfile:Views\TrainingView.axaml /additionalfile:Views\WorkspaceEditorView.axaml /additionalfile:Views\WorkspaceHomeView.axaml App.axaml.cs AvaloniaTypeAliases.cs Controls\AcrylicSurface.cs Controls\ActionButton.axaml.cs Controls\BrowserSafetyBootstrap.cs Controls\BrowserUtilitiesControl.cs Controls\ChatDraftAttachmentRecoveryBootstrap.cs Controls\ChatExecutionStatusControl.cs Controls\CodeIntelligenceBootstrap.cs Controls\ContextUsageFlyout.axaml.cs Controls\CrossModeRetrievalBootstrap.cs Controls\DashboardCard.axaml.cs Controls\DragDropCompatibility.cs Controls\ExperienceShellHost.cs Controls\FlyoutPanel.axaml.cs Controls\GeneratedPagesFlyout.axaml.cs Controls\GenerativeUiSlot.cs Controls\GenerativeUiSurface.cs Controls\HavenIcon.cs Controls\LanguageServerSettingsBootstrap.cs Controls\MagicalBackdrop.cs Controls\MarkdownRendererUpgradeBootstrap.cs Controls\MarkdownView.cs Controls\MessageBubble.axaml.cs Controls\ModelConfigurationControl.cs Controls\ModelRoutingSettingsBootstrap.cs Controls\MorphTransition.cs Controls\NavigationFlyout.axaml.cs Controls\NotesBlockEditorFactory.cs Controls\NotesDocumentLayoutSurface.cs Controls\NotesHtmlPreviewControl.cs Controls\NotesInkCanvasControl.cs Controls\NotesTransformIdentity.cs Controls\PlanAutomationControl.cs Controls\ProductionMarkdownView.cs Controls\RegenerationReplayBootstrap.cs Controls\SimpleFlyoutPanel.axaml.cs Controls\SurfacePaletteCatalog.cs Controls\TidalBackground.cs Controls\VisualBootstrapHost.cs Controls\WorkspaceChromeHost.ActionsBridge.cs Controls\WorkspaceChromeHost.cs Controls\WorkspaceChromeHost.MagicalTheme.cs Controls\WorkspaceChromeHost.ModernChrome.cs Controls\WorkspaceChromeHost.TabDragCompatibility.cs Converters\DateTimeOffsetDateConverter.cs Converters\PresenceConverters.cs DeveloperTools\AxamlSourceLocator.cs DeveloperTools\DeveloperElementInspection.cs DeveloperTools\DeveloperToolsWindow.cs DeveloperTools\ElementPickerWindow.cs DeveloperTools\HavenDeveloperToolsSession.cs Events\ElementProxy.cs Events\EventRegistration.cs Events\EventToken.cs Events\HavenEventBus.cs Events\Subscribe.cs GlobalUsings.Avalonia.cs GlobalUsings.Continuation.cs GlobalUsings.DragDropCompatibility.cs GlobalUsings.HavenUI.cs GlobalUsings.Tasks.cs HavenUI\Components\Buttons\HavenButtons.cs HavenUI\Components\Buttons\HoldToConfirmButton.cs HavenUI\Components\Feedback\HavenFeedback.cs HavenUI\Components\HavenControlThemeResolver.cs HavenUI\Components\Inputs\HavenInputs.cs HavenUI\Components\Menus\HavenMenus.cs HavenUI\Components\Overlays\HavenPopups.cs HavenUI\Components\Supplemental\HavenSupplementalControls.cs HavenUI\Components\Surfaces\HavenSurfaces.cs HavenUI\Components\Tabs\HavenTabs.cs HavenUI\Registry\HavenUiComponentRegistry.cs HavenUI\Responsive\HavenResponsiveStack.cs HavenUI\Tokens\HavenAccentPalette.cs HavenUI\Tokens\HavenAccentScope.cs HavenUI\Tokens\HavenUiMotion.cs HavenUI\Tokens\HavenUiResourceApplier.cs Interface\BrowserSafetyView.axaml.cs Interface\Shell\MainView.axaml.cs Interface\Shell\MainView.BetaOverlays.cs Interface\Shell\MainView.NativeChatSidebar.cs Interface\Shell\MainView.NativeChatSidebar.Navigation.cs Interface\Shell\MainView.NativeChatSidebar.Refresh.cs Interface\Shell\MainView.NativeChatSidebar.Start.cs Interface\Shell\MainView.NativeChatSidebar.Switch.cs Interface\Shell\MainView.Tasks.cs Interface\Shell\NativePresentation\NativeChatSidebar.cs Interface\Shell\NativePresentation\NativeChatUiStateStore.cs Interface\Shell\NativePresentation\NativePresentationReflection.cs Interface\Shell\NativePresentation\NativePresentationRoutePolicy.cs Interface\Shell\NativePresentation\NativeProjectsPage.Actions.cs Interface\Shell\NativePresentation\NativeProjectsPage.cs Interface\Shell\NativePresentation\NativeProjectsPage.Layout.cs Interface\Shell\NativePresentation\NativeProjectsPage.Lifecycle.cs Interface\Shell\NativePresentation\NativeProjectsPage.Rendering.cs Interface\Shell\NativePresentation\NativeProjectUiStateStore.cs Interface\Shell\Pop-Ups\GlobalCallWidget.axaml.cs Interface\Shell\Pop-Ups\LessonSettingsOverlay.axaml.cs Interface\Shell\Pop-Ups\ProjectSettingsOverlay.axaml.cs Interface\Shell\Pop-Ups\SettingsOverlay.axaml.cs InternalsVisibleTo.cs MainWindow.axaml.cs MainWindow.DeveloperTools.cs NotesGlobalUsings.cs ParallelHelper.cs Program.cs Services\AutomationDeliveryController.cs Services\CallCompletionController.cs Services\CallTranscriptExportFormatter.cs Services\CallVoicePreviewController.cs Services\ComputerUseOverlayCoordinator.cs Services\DesktopCallServiceRegistration.cs Services\GenerativeModeStudioHandoff.cs Services\GenerativeUiThemeRuntime.cs Services\GoSuggestionService.cs Services\HybridNaturalSpeechOutputService.cs Services\MagicalPalette.cs Services\MotionPreferencesService.cs Services\NotesDictationController.cs Services\NotesExperienceNavigation.cs Services\NotesMediaAiReview.cs Services\NotesReadAloudController.cs Services\NotificationService.cs Services\OllamaWakeService.cs Services\ProjectCreationService.cs Services\TrainingRunner.cs Services\UserPreferencesService.cs Services\VisualStudioInstallationService.cs Services\WindowsGraphicsCaptureService.cs Services\WindowsNaturalSpeechOutputService.cs UiBatcher.cs ViewModels\ActivatablePage.cs ViewModels\ActivityLogPageViewModel.cs ViewModels\BrowserPageViewModel.cs ViewModels\BrowserSafetyViewModel.cs ViewModels\CallPageViewModel.cs ViewModels\ChatGroupPageViewModel.cs ViewModels\ChatPageViewModel.cs ViewModels\CodeIntelligenceViewModel.cs ViewModels\Commands.cs ViewModels\CompanionDockViewModel.cs ViewModels\ConversationMessageToolsViewModel.cs ViewModels\ConversationProductionToolbarViewModel.cs ViewModels\ConversationRetrievalViewModel.cs ViewModels\ConversationUsageViewModel.cs ViewModels\CrossModeRetrievalViewModel.cs ViewModels\DeclarativeModeHostViewModel.cs ViewModels\GeneratedPageViewModel.cs ViewModels\GenerativeUiThemeStudioViewModel.cs ViewModels\HomePageViewModel.cs ViewModels\InChatCallWidgetViewModel.cs ViewModels\LanguageServerSettingsViewModel.cs ViewModels\MainWindowModeNavigationExtensions.cs ViewModels\MainWindowViewModel.cs ViewModels\ModelRoutingSettingsViewModel.cs ViewModels\NotesHelperTypes.cs ViewModels\NotesWorkspaceViewModel.cs ViewModels\ObservableObject.cs ViewModels\PlannerCompactWidgetViewModel.cs ViewModels\PlanPageViewModel.cs ViewModels\ProjectCreationProposal.cs ViewModels\ProjectCreatorPageViewModel.cs ViewModels\ProviderConnectionsViewModel.cs ViewModels\ReliabilityStatusViewModel.cs ViewModels\TrainingPageViewModel.cs ViewModels\UtilityPagesViewModels.cs ViewModels\WorkspaceSurfacesViewModels.cs Views\ActivityLogView.axaml.cs Views\ArchiveView.axaml.cs Views\AutomationsView.axaml.cs Views\BrowserView.axaml.cs Views\CallView.axaml.cs Views\CatalogView.axaml.cs Views\ChatGroupView.axaml.cs Views\ChatView.axaml.cs Views\ChatView.DraftAttachmentRecovery.cs Views\CodeIntelligenceView.axaml.cs Views\ContainerSettingsView.axaml.cs Views\ConversationMessageToolsView.axaml.cs Views\ConversationProductionToolbarView.axaml.cs Views\ConversationProductionToolbarView.RegenerationReplay.cs Views\ConversationRetrievalView.axaml.cs Views\ConversationUsageView.axaml.cs Views\CrossModeRetrievalView.axaml.cs Views\GeneratedPageView.axaml.cs Views\GenerativeUiAdvancedPageHandoffView.axaml.cs Views\GenerativeUiThemeSelectorView.axaml.cs Views\HomeView.axaml.cs Views\LanguageServerSettingsView.axaml.cs Views\LessonSettingsView.axaml.cs Views\ModeLibraryView.axaml.cs Views\ModelRoutingSettingsView.axaml.cs Views\NotesWorkspaceView.BlockInspector.cs Views\NotesWorkspaceView.cs Views\NotesWorkspaceView.Inspectors.cs Views\NotesWorkspaceView.Productivity.cs Views\NotesWorkspaceView.StudyAndCanvas.cs Views\Pages\ActivityLog\ActivityLogPage.axaml.cs Views\Pages\Archive\ArchivePage.axaml.cs Views\Pages\Automations\AutomationsPage.axaml.cs Views\Pages\Browser\BrowserPage.axaml.cs Views\Pages\Call\CallPage.axaml.cs Views\Pages\Catalog\CapabilityCatalogPage.axaml.cs Views\Pages\Catalog\CatalogPage.axaml.cs Views\Pages\Catalog\GenUiTemplatePreviewPage.axaml.cs Views\Pages\ChatGroup\ChatGroupPage.axaml.cs Views\Pages\Chat\ChatPage.axaml.cs Views\Pages\Chat\ChatPage.CodeBehindLayout.cs Views\Pages\Chat\NewChatPage.axaml.cs Views\Pages\ContainerSettings\ContainerSettingsPage.axaml.cs Views\Pages\Go\GoPage.axaml.cs Views\Pages\Home\HomePage.axaml.cs Views\Pages\Home\NewDashboardPage.axaml.cs Views\Pages\LessonSettings\LessonSettingsPage.axaml.cs Views\Pages\ModeLibrary\ModeLibraryPage.axaml.cs Views\Pages\Notes\NotesPage.axaml.cs Views\Pages\Plan\PlanPage.axaml.cs Views\Pages\ProjectCreator\ProjectCreatorPage.axaml.cs Views\Pages\ProjectCreator\ProjectCreatorPage.GitHub.cs Views\Pages\ProjectCreator\ProjectCreatorPage.VisualStudio.cs Views\Pages\Settings\HavenAppearanceSettingsView.axaml.cs Views\Pages\Settings\SettingsPage.axaml.cs Views\Pages\StudioProject\StudioProjectPage.axaml.cs Views\Pages\Tasks\TasksPage.axaml.cs Views\Pages\Training\TrainingPage.axaml.cs Views\Pages\WorkspaceEditor\WorkspaceEditorPage.axaml.cs Views\Pages\WorkspaceHome\WorkspaceHomePage.axaml.cs Views\PlanView.axaml.cs Views\ProjectCreatorView.axaml.cs Views\ProjectCreatorView.Helpers.cs Views\ProjectCreatorView.Pickers.cs Views\ProjectCreatorView.State.cs Views\ProviderConnectionsView.axaml.cs Views\ReliabilityStatusView.axaml.cs Views\SettingsView.axaml.cs Views\Shell\HavenAppRoutePolicy.cs Views\Shell\HavenShellEdition.cs Views\Shell\HavenStartupExperiencePolicy.cs Views\Shell\Sidebar\Sidebar.axaml.cs Views\Shell\SideRail\SideRail.axaml.cs Views\Shell\TopRail\ActionsFlyoutControl.axaml.cs Views\Shell\TopRail\AddMenu.cs Views\Shell\TopRail\AddMenuCatalogueControl.axaml.cs Views\Shell\TopRail\AddMenuFlyoutControl.axaml.cs Views\Shell\TopRail\AppLauncherControl.AvaloniaAlias.cs Views\Shell\TopRail\AppLauncherControl.axaml.cs Views\Shell\TopRail\AppLauncherFlyout.cs Views\Shell\TopRail\DynamicActionToolbar.cs Views\Shell\TopRail\DynamicActionToolbarControl.axaml.cs Views\Shell\TopRail\NotificationCentre.cs Views\Shell\TopRail\TaskAttachmentContext.cs Views\Shell\TopRail\TopRail.axaml.cs Views\Shell\TopRail\TopRail.Tasks.cs Views\Shell\TopRail\UniversalSearchControl.axaml.cs Views\StudioProjectView.axaml.cs Views\ThemePaletteEditorView.axaml.cs Views\TrainingView.axaml.cs Views\WorkspaceEditorView.axaml.cs Views\WorkspaceHomeView.axaml.cs obj\x64\Release\net10.0-windows10.0.19041.0\Haven.Desktop.GlobalUsings.g.cs "obj\x64\Release\net10.0-windows10.0.19041.0\.NETCoreApp,Version=v10.0.AssemblyAttributes.cs" obj\x64\Release\net10.0-windows10.0.19041.0\Haven.Desktop.AssemblyInfo.cs /warnaserror+:NU1605,SYSLIB0011'
         Attempt to open named pipe 'HalE87imfMHXvO2vVQugAa+EdwDMpZkMQpv3_AgA8D8'
         Attempt to connect named pipe 'HalE87imfMHXvO2vVQugAa+EdwDMpZkMQpv3_AgA8D8'
         Named pipe 'HalE87imfMHXvO2vVQugAa+EdwDMpZkMQpv3_AgA8D8' connected
         Begin writing request for Haven.Desktop (net10.0-windows10.0.19041.0)
         End writing request for Haven.Desktop (net10.0-windows10.0.19041.0)
         Begin reading response for Haven.Desktop (net10.0-windows10.0.19041.0)
         End reading response for Haven.Desktop (net10.0-windows10.0.19041.0)
         CompilerServer: server - server processed compilation - Haven.Desktop (net10.0-windows10.0.19041.0)
       _CopyFilesMarkedCopyLocal:
         Copying file from "C:\Users\Jacob\OneDrive\Personal Files\Development\Visual Studio\Haven AI\Source\src\Haven.Application\bin\x64\Release\net10.0\Haven.Application.dll" to "C:\Users\Jacob\OneDrive\Personal Files\Development\Visual Studio\Haven AI\Source\src\Haven.Desktop\bin\x64\Release\net10.0-windows10.0.19041.0\Haven.Application.dll".
         Copying file from "C:\Users\Jacob\OneDrive\Personal Files\Development\Visual Studio\Haven AI\Source\src\Haven.Core\bin\x64\Release\net10.0\Haven.Core.dll" to "C:\Users\Jacob\OneDrive\Personal Files\Development\Visual Studio\Haven AI\Source\src\Haven.Desktop\bin\x64\Release\net10.0-windows10.0.19041.0\Haven.Core.dll".
         Copying file from "C:\Users\Jacob\OneDrive\Personal Files\Development\Visual Studio\Haven AI\Source\src\Haven.Automations\bin\x64\Release\net10.0\Haven.Automations.dll" to "C:\Users\Jacob\OneDrive\Personal Files\Development\Visual Studio\Haven AI\Source\src\Haven.Desktop\bin\x64\Release\net10.0-windows10.0.19041.0\Haven.Automations.dll".
         Copying file from "C:\Users\Jacob\OneDrive\Personal Files\Development\Visual Studio\Haven AI\Source\src\Haven.Core\bin\x64\Release\net10.0\Haven.Core.pdb" to "C:\Users\Jacob\OneDrive\Personal Files\Development\Visual Studio\Haven AI\Source\src\Haven.Desktop\bin\x64\Release\net10.0-windows10.0.19041.0\Haven.Core.pdb".
         Copying file from "C:\Users\Jacob\OneDrive\Personal Files\Development\Visual Studio\Haven AI\Source\src\Haven.Browser\bin\x64\Release\net10.0\Haven.Browser.dll" to "C:\Users\Jacob\OneDrive\Personal Files\Development\Visual Studio\Haven AI\Source\src\Haven.Desktop\bin\x64\Release\net10.0-windows10.0.19041.0\Haven.Browser.dll".
         Copying file from "C:\Users\Jacob\OneDrive\Personal Files\Development\Visual Studio\Haven AI\Source\src\Haven.Infrastructure\bin\x64\Release\net10.0\Haven.Infrastructure.dll" to "C:\Users\Jacob\OneDrive\Personal Files\Development\Visual Studio\Haven AI\Source\src\Haven.Desktop\bin\x64\Release\net10.0-windows10.0.19041.0\Haven.Infrastructure.dll".
         Copying file from "C:\Users\Jacob\OneDrive\Personal Files\Development\Visual Studio\Haven AI\Source\src\Haven.Application\bin\x64\Release\net10.0\Haven.Application.pdb" to "C:\Users\Jacob\OneDrive\Personal Files\Development\Visual Studio\Haven AI\Source\src\Haven.Desktop\bin\x64\Release\net10.0-windows10.0.19041.0\Haven.Application.pdb".
         Copying file from "C:\Users\Jacob\OneDrive\Personal Files\Development\Visual Studio\Haven AI\Source\src\Haven.Infrastructure\bin\x64\Release\net10.0\Haven.Infrastructure.pdb" to "C:\Users\Jacob\OneDrive\Personal Files\Development\Visual Studio\Haven AI\Source\src\Haven.Desktop\bin\x64\Release\net10.0-windows10.0.19041.0\Haven.Infrastructure.pdb".
         Copying file from "C:\Users\Jacob\OneDrive\Personal Files\Development\Visual Studio\Haven AI\Source\src\Haven.Browser\bin\x64\Release\net10.0\Haven.Browser.pdb" to "C:\Users\Jacob\OneDrive\Personal Files\Development\Visual Studio\Haven AI\Source\src\Haven.Desktop\bin\x64\Release\net10.0-windows10.0.19041.0\Haven.Browser.pdb".
         Copying file from "C:\Users\Jacob\OneDrive\Personal Files\Development\Visual Studio\Haven AI\Source\src\Haven.Automations\bin\x64\Release\net10.0\Haven.Automations.pdb" to "C:\Users\Jacob\OneDrive\Personal Files\Development\Visual Studio\Haven AI\Source\src\Haven.Desktop\bin\x64\Release\net10.0-windows10.0.19041.0\Haven.Automations.pdb".
         Touching "C:\Users\Jacob\OneDrive\Personal Files\Development\Visual Studio\Haven AI\Source\src\Haven.Desktop\obj\x64\Release\net10.0-windows10.0.19041.0\Haven.De.04CA8D2E.Up2Date".
       _CopyOutOfDateSourceItemsToOutputDirectory:
       Building target "_CopyOutOfDateSourceItemsToOutputDirectory" partially, because some output files are out of date with respect to their input files.
         Copying file from "C:\Users\Jacob\OneDrive\Personal Files\Development\Visual Studio\Haven AI\Source\src\Haven.Desktop\obj\x64\Release\net10.0-windows10.0.19041.0\apphost.exe" to "C:\Users\Jacob\OneDrive\Personal Files\Development\Visual Studio\Haven AI\Source\src\Haven.Desktop\bin\x64\Release\net10.0-windows10.0.19041.0\Haven.exe".
       AvaloniaDeleteRefAssemblyBeforeOutputCopy:
         Deleting file "C:\Users\Jacob\OneDrive\Personal Files\Development\Visual Studio\Haven AI\Source\src\Haven.Desktop\obj\x64\Release\net10.0-windows10.0.19041.0\ref\Haven.dll".
       GenerateBuildDependencyFile:
       Skipping target "GenerateBuildDependencyFile" because all output files are up-to-date with respect to the input files.
       GenerateBuildRuntimeConfigurationFiles:
       Skipping target "GenerateBuildRuntimeConfigurationFiles" because all output files are up-to-date with respect to the input files.
       CopyFilesToOutputDirectory:
         Copying file from "C:\Users\Jacob\OneDrive\Personal Files\Development\Visual Studio\Haven AI\Source\src\Haven.Desktop\obj\x64\Release\net10.0-windows10.0.19041.0\Haven.dll" to "C:\Users\Jacob\OneDrive\Personal Files\Development\Visual Studio\Haven AI\Source\src\Haven.Desktop\bin\x64\Release\net10.0-windows10.0.19041.0\Haven.dll".
         Copying reference assembly from "obj\x64\Release\net10.0-windows10.0.19041.0\refint\Haven.dll" to "C:\Users\Jacob\OneDrive\Personal Files\Development\Visual Studio\Haven AI\Source\src\Haven.Desktop\obj\x64\Release\net10.0-windows10.0.19041.0\ref\Haven.dll".
         Haven.Desktop -> C:\Users\Jacob\OneDrive\Personal Files\Development\Visual Studio\Haven AI\Source\src\Haven.Desktop\bin\x64\Release\net10.0-windows10.0.19041.0\Haven.dll
         Copying file from "C:\Users\Jacob\OneDrive\Personal Files\Development\Visual Studio\Haven AI\Source\src\Haven.Desktop\obj\x64\Release\net10.0-windows10.0.19041.0\Haven.pdb" to "C:\Users\Jacob\OneDrive\Personal Files\Development\Visual Studio\Haven AI\Source\src\Haven.Desktop\bin\x64\Release\net10.0-windows10.0.19041.0\Haven.pdb".
       CopyContent:
         Copying file from "C:\Users\Jacob\.nuget\packages\kokorosharp\0.6.7\content\espeak\espeak-ng-data\an_dict" to "C:\Users\Jacob\OneDrive\Personal Files\Development\Visual Studio\Haven AI\Source\src\Haven.Desktop\bin\x64\Release\net10.0-windows10.0.19041.0\espeak\espeak-ng-data\an_dict".
         Copying file from "C:\Users\Jacob\.nuget\packages\kokorosharp\0.6.7\content\espeak\espeak-ng-data\am_dict" to "C:\Users\Jacob\OneDrive\Personal Files\Development\Visual Studio\Haven AI\Source\src\Haven.Desktop\bin\x64\Release\net10.0-windows10.0.19041.0\espeak\espeak-ng-data\am_dict".
         Copying file from "C:\Users\Jacob\.nuget\packages\kokorosharp\0.6.7\content\espeak\espeak-ng-data\af_dict" to "C:\Users\Jacob\OneDrive\Personal Files\Development\Visual Studio\Haven AI\Source\src\Haven.Desktop\bin\x64\Release\net10.0-windows10.0.19041.0\espeak\espeak-ng-data\af_dict".
         Copying file from "C:\Users\Jacob\.nuget\packages\kokorosharp\0.6.7\content\espeak\espeak-ng-data\ar_dict" to "C:\Users\Jacob\OneDrive\Personal Files\Development\Visual Studio\Haven AI\Source\src\Haven.Desktop\bin\x64\Release\net10.0-windows10.0.19041.0\espeak\espeak-ng-data\ar_dict".
         Copying file from "C:\Users\Jacob\.nuget\packages\kokorosharp\0.6.7\content\espeak\espeak-ng-data\az_dict" to "C:\Users\Jacob\OneDrive\Personal Files\Development\Visual Studio\Haven AI\Source\src\Haven.Desktop\bin\x64\Release\net10.0-windows10.0.19041.0\espeak\espeak-ng-data\az_dict".
         Copying file from "C:\Users\Jacob\.nuget\packages\kokorosharp\0.6.7\content\espeak\espeak-ng-data\as_dict" to "C:\Users\Jacob\OneDrive\Personal Files\Development\Visual Studio\Haven AI\Source\src\Haven.Desktop\bin\x64\Release\net10.0-windows10.0.19041.0\espeak\espeak-ng-data\as_dict".
         Copying file from "C:\Users\Jacob\.nuget\packages\kokorosharp\0.6.7\content\espeak\espeak-ng-data\bg_dict" to "C:\Users\Jacob\OneDrive\Personal Files\Development\Visual Studio\Haven AI\Source\src\Haven.Desktop\bin\x64\Release\net10.0-windows10.0.19041.0\espeak\espeak-ng-data\bg_dict".
         Copying file from "C:\Users\Jacob\.nuget\packages\kokorosharp\0.6.7\content\espeak\espeak-ng-data\ba_dict" to "C:\Users\Jacob\OneDrive\Personal Files\Development\Visual Studio\Haven AI\Source\src\Haven.Desktop\bin\x64\Release\net10.0-windows10.0.19041.0\espeak\espeak-ng-data\ba_dict".
         Copying file from "C:\Users\Jacob\.nuget\packages\kokorosharp\0.6.7\content\espeak\espeak-ng-data\be_dict" to "C:\Users\Jacob\OneDrive\Personal Files\Development\Visual Studio\Haven AI\Source\src\Haven.Desktop\bin\x64\Release\net10.0-windows10.0.19041.0\espeak\espeak-ng-data\be_dict".
         Copying file from "C:\Users\Jacob\.nuget\packages\kokorosharp\0.6.7\content\espeak\espeak-ng-data\bpy_dict" to "C:\Users\Jacob\OneDrive\Personal Files\Development\Visual Studio\Haven AI\Source\src\Haven.Desktop\bin\x64\Release\net10.0-windows10.0.19041.0\espeak\espeak-ng-data\bpy_dict".
         Copying file from "C:\Users\Jacob\.nuget\packages\kokorosharp\0.6.7\content\espeak\espeak-ng-data\bn_dict" to "C:\Users\Jacob\OneDrive\Personal Files\Development\Visual Studio\Haven AI\Source\src\Haven.Desktop\bin\x64\Release\net10.0-windows10.0.19041.0\espeak\espeak-ng-data\bn_dict".
         Copying file from "C:\Users\Jacob\.nuget\packages\kokorosharp\0.6.7\content\espeak\espeak-ng-data\bs_dict" to "C:\Users\Jacob\OneDrive\Personal Files\Development\Visual Studio\Haven AI\Source\src\Haven.Desktop\bin\x64\Release\net10.0-windows10.0.19041.0\espeak\espeak-ng-data\bs_dict".
         Copying file from "C:\Users\Jacob\.nuget\packages\kokorosharp\0.6.7\content\espeak\espeak-ng-data\ca_dict" to "C:\Users\Jacob\OneDrive\Personal Files\Development\Visual Studio\Haven AI\Source\src\Haven.Desktop\bin\x64\Release\net10.0-windows10.0.19041.0\espeak\espeak-ng-data\ca_dict".
         Copying file from "C:\Users\Jacob\.nuget\packages\kokorosharp\0.6.7\content\espeak\espeak-ng-data\chr_dict" to "C:\Users\Jacob\OneDrive\Personal Files\Development\Visual Studio\Haven AI\Source\src\Haven.Desktop\bin\x64\Release\net10.0-windows10.0.19041.0\espeak\espeak-ng-data\chr_dict".
         Copying file from "C:\Users\Jacob\.nuget\packages\kokorosharp\0.6.7\content\espeak\espeak-ng-data\cmn_dict" to "C:\Users\Jacob\OneDrive\Personal Files\Development\Visual Studio\Haven AI\Source\src\Haven.Desktop\bin\x64\Release\net10.0-windows10.0.19041.0\espeak\espeak-ng-data\cmn_dict".
         Copying file from "C:\Users\Jacob\.nuget\packages\kokorosharp\0.6.7\content\espeak\espeak-ng-data\cs_dict" to "C:\Users\Jacob\OneDrive\Personal Files\Development\Visual Studio\Haven AI\Source\src\Haven.Desktop\bin\x64\Release\net10.0-windows10.0.19041.0\espeak\espeak-ng-data\cs_dict".
         Copying file from "C:\Users\Jacob\.nuget\packages\kokorosharp\0.6.7\content\espeak\espeak-ng-data\cv_dict" to "C:\Users\Jacob\OneDrive\Personal Files\Development\Visual Studio\Haven AI\Source\src\Haven.Desktop\bin\x64\Release\net10.0-windows10.0.19041.0\espeak\espeak-ng-data\cv_dict".
         Copying file from "C:\Users\Jacob\.nuget\packages\kokorosharp\0.6.7\content\espeak\espeak-ng-data\cy_dict" to "C:\Users\Jacob\OneDrive\Personal Files\Development\Visual Studio\Haven AI\Source\src\Haven.Desktop\bin\x64\Release\net10.0-windows10.0.19041.0\espeak\espeak-ng-data\cy_dict".
         Copying file from "C:\Users\Jacob\.nuget\packages\kokorosharp\0.6.7\content\espeak\espeak-ng-data\da_dict" to "C:\Users\Jacob\OneDrive\Personal Files\Development\Visual Studio\Haven AI\Source\src\Haven.Desktop\bin\x64\Release\net10.0-windows10.0.19041.0\espeak\espeak-ng-data\da_dict".
         Copying file from "C:\Users\Jacob\.nuget\packages\kokorosharp\0.6.7\content\espeak\espeak-ng-data\de_dict" to "C:\Users\Jacob\OneDrive\Personal Files\Development\Visual Studio\Haven AI\Source\src\Haven.Desktop\bin\x64\Release\net10.0-windows10.0.19041.0\espeak\espeak-ng-data\de_dict".
         Copying file from "C:\Users\Jacob\.nuget\packages\kokorosharp\0.6.7\content\espeak\espeak-ng-data\el_dict" to "C:\Users\Jacob\OneDrive\Personal Files\Development\Visual Studio\Haven AI\Source\src\Haven.Desktop\bin\x64\Release\net10.0-windows10.0.19041.0\espeak\espeak-ng-data\el_dict".
         Copying file from "C:\Users\Jacob\.nuget\packages\kokorosharp\0.6.7\content\espeak\espeak-ng-data\en_dict" to "C:\Users\Jacob\OneDrive\Personal Files\Development\Visual Studio\Haven AI\Source\src\Haven.Desktop\bin\x64\Release\net10.0-windows10.0.19041.0\espeak\espeak-ng-data\en_dict".
         Copying file from "C:\Users\Jacob\.nuget\packages\kokorosharp\0.6.7\content\espeak\espeak-ng-data\eo_dict" to "C:\Users\Jacob\OneDrive\Personal Files\Development\Visual Studio\Haven AI\Source\src\Haven.Desktop\bin\x64\Release\net10.0-windows10.0.19041.0\espeak\espeak-ng-data\eo_dict".
         Copying file from "C:\Users\Jacob\.nuget\packages\kokorosharp\0.6.7\content\espeak\espeak-ng-data\es_dict" to "C:\Users\Jacob\OneDrive\Personal Files\Development\Visual Studio\Haven AI\Source\src\Haven.Desktop\bin\x64\Release\net10.0-windows10.0.19041.0\espeak\espeak-ng-data\es_dict".
         Copying file from "C:\Users\Jacob\.nuget\packages\kokorosharp\0.6.7\content\espeak\espeak-ng-data\et_dict" to "C:\Users\Jacob\OneDrive\Personal Files\Development\Visual Studio\Haven AI\Source\src\Haven.Desktop\bin\x64\Release\net10.0-windows10.0.19041.0\espeak\espeak-ng-data\et_dict".
         Copying file from "C:\Users\Jacob\.nuget\packages\kokorosharp\0.6.7\content\espeak\espeak-ng-data\eu_dict" to "C:\Users\Jacob\OneDrive\Personal Files\Development\Visual Studio\Haven AI\Source\src\Haven.Desktop\bin\x64\Release\net10.0-windows10.0.19041.0\espeak\espeak-ng-data\eu_dict".
         Copying file from "C:\Users\Jacob\.nuget\packages\kokorosharp\0.6.7\content\espeak\espeak-ng-data\fa_dict" to "C:\Users\Jacob\OneDrive\Personal Files\Development\Visual Studio\Haven AI\Source\src\Haven.Desktop\bin\x64\Release\net10.0-windows10.0.19041.0\espeak\espeak-ng-data\fa_dict".
         Copying file from "C:\Users\Jacob\.nuget\packages\kokorosharp\0.6.7\content\espeak\espeak-ng-data\fi_dict" to "C:\Users\Jacob\OneDrive\Personal Files\Development\Visual Studio\Haven AI\Source\src\Haven.Desktop\bin\x64\Release\net10.0-windows10.0.19041.0\espeak\espeak-ng-data\fi_dict".
         Copying file from "C:\Users\Jacob\.nuget\packages\kokorosharp\0.6.7\content\espeak\espeak-ng-data\fr_dict" to "C:\Users\Jacob\OneDrive\Personal Files\Development\Visual Studio\Haven AI\Source\src\Haven.Desktop\bin\x64\Release\net10.0-windows10.0.19041.0\espeak\espeak-ng-data\fr_dict".
         Copying file from "C:\Users\Jacob\.nuget\packages\kokorosharp\0.6.7\content\espeak\espeak-ng-data\ga_dict" to "C:\Users\Jacob\OneDrive\Personal Files\Development\Visual Studio\Haven AI\Source\src\Haven.Desktop\bin\x64\Release\net10.0-windows10.0.19041.0\espeak\espeak-ng-data\ga_dict".
         Copying file from "C:\Users\Jacob\.nuget\packages\kokorosharp\0.6.7\content\espeak\espeak-ng-data\gd_dict" to "C:\Users\Jacob\OneDrive\Personal Files\Development\Visual Studio\Haven AI\Source\src\Haven.Desktop\bin\x64\Release\net10.0-windows10.0.19041.0\espeak\espeak-ng-data\gd_dict".
         Copying file from "C:\Users\Jacob\.nuget\packages\kokorosharp\0.6.7\content\espeak\espeak-ng-data\gn_dict" to "C:\Users\Jacob\OneDrive\Personal Files\Development\Visual Studio\Haven AI\Source\src\Haven.Desktop\bin\x64\Release\net10.0-windows10.0.19041.0\espeak\espeak-ng-data\gn_dict".
         Copying file from "C:\Users\Jacob\.nuget\packages\kokorosharp\0.6.7\content\espeak\espeak-ng-data\grc_dict" to "C:\Users\Jacob\OneDrive\Personal Files\Development\Visual Studio\Haven AI\Source\src\Haven.Desktop\bin\x64\Release\net10.0-windows10.0.19041.0\espeak\espeak-ng-data\grc_dict".
         Copying file from "C:\Users\Jacob\.nuget\packages\kokorosharp\0.6.7\content\espeak\espeak-ng-data\gu_dict" to "C:\Users\Jacob\OneDrive\Personal Files\Development\Visual Studio\Haven AI\Source\src\Haven.Desktop\bin\x64\Release\net10.0-windows10.0.19041.0\espeak\espeak-ng-data\gu_dict".
         Copying file from "C:\Users\Jacob\.nuget\packages\kokorosharp\0.6.7\content\espeak\espeak-ng-data\hak_dict" to "C:\Users\Jacob\OneDrive\Personal Files\Development\Visual Studio\Haven AI\Source\src\Haven.Desktop\bin\x64\Release\net10.0-windows10.0.19041.0\espeak\espeak-ng-data\hak_dict".
         Copying file from "C:\Users\Jacob\.nuget\packages\kokorosharp\0.6.7\content\espeak\espeak-ng-data\haw_dict" to "C:\Users\Jacob\OneDrive\Personal Files\Development\Visual Studio\Haven AI\Source\src\Haven.Desktop\bin\x64\Release\net10.0-windows10.0.19041.0\espeak\espeak-ng-data\haw_dict".
         Copying file from "C:\Users\Jacob\.nuget\packages\kokorosharp\0.6.7\content\espeak\espeak-ng-data\he_dict" to "C:\Users\Jacob\OneDrive\Personal Files\Development\Visual Studio\Haven AI\Source\src\Haven.Desktop\bin\x64\Release\net10.0-windows10.0.19041.0\espeak\espeak-ng-data\he_dict".
         Copying file from "C:\Users\Jacob\.nuget\packages\kokorosharp\0.6.7\content\espeak\espeak-ng-data\hi_dict" to "C:\Users\Jacob\OneDrive\Personal Files\Development\Visual Studio\Haven AI\Source\src\Haven.Desktop\bin\x64\Release\net10.0-windows10.0.19041.0\espeak\espeak-ng-data\hi_dict".
         Copying file from "C:\Users\Jacob\.nuget\packages\kokorosharp\0.6.7\content\espeak\espeak-ng-data\hr_dict" to "C:\Users\Jacob\OneDrive\Personal Files\Development\Visual Studio\Haven AI\Source\src\Haven.Desktop\bin\x64\Release\net10.0-windows10.0.19041.0\espeak\espeak-ng-data\hr_dict".
         Copying file from "C:\Users\Jacob\.nuget\packages\kokorosharp\0.6.7\content\espeak\espeak-ng-data\ht_dict" to "C:\Users\Jacob\OneDrive\Personal Files\Development\Visual Studio\Haven AI\Source\src\Haven.Desktop\bin\x64\Release\net10.0-windows10.0.19041.0\espeak\espeak-ng-data\ht_dict".
         Copying file from "C:\Users\Jacob\.nuget\packages\kokorosharp\0.6.7\content\espeak\espeak-ng-data\hu_dict" to "C:\Users\Jacob\OneDrive\Personal Files\Development\Visual Studio\Haven AI\Source\src\Haven.Desktop\bin\x64\Release\net10.0-windows10.0.19041.0\espeak\espeak-ng-data\hu_dict".
         Copying file from "C:\Users\Jacob\.nuget\packages\kokorosharp\0.6.7\content\espeak\espeak-ng-data\ia_dict" to "C:\Users\Jacob\OneDrive\Personal Files\Development\Visual Studio\Haven AI\Source\src\Haven.Desktop\bin\x64\Release\net10.0-windows10.0.19041.0\espeak\espeak-ng-data\ia_dict".
         Copying file from "C:\Users\Jacob\.nuget\packages\kokorosharp\0.6.7\content\espeak\espeak-ng-data\intonations" to "C:\Users\Jacob\OneDrive\Personal Files\Development\Visual Studio\Haven AI\Source\src\Haven.Desktop\bin\x64\Release\net10.0-windows10.0.19041.0\espeak\espeak-ng-data\intonations".
         Copying file from "C:\Users\Jacob\.nuget\packages\kokorosharp\0.6.7\content\espeak\espeak-ng-data\id_dict" to "C:\Users\Jacob\OneDrive\Personal Files\Development\Visual Studio\Haven AI\Source\src\Haven.Desktop\bin\x64\Release\net10.0-windows10.0.19041.0\espeak\espeak-ng-data\id_dict".
         Copying file from "C:\Users\Jacob\.nuget\packages\kokorosharp\0.6.7\content\espeak\espeak-ng-data\hy_dict" to "C:\Users\Jacob\OneDrive\Personal Files\Development\Visual Studio\Haven AI\Source\src\Haven.Desktop\bin\x64\Release\net10.0-windows10.0.19041.0\espeak\espeak-ng-data\hy_dict".
         Copying file from "C:\Users\Jacob\.nuget\packages\kokorosharp\0.6.7\content\espeak\espeak-ng-data\io_dict" to "C:\Users\Jacob\OneDrive\Personal Files\Development\Visual Studio\Haven AI\Source\src\Haven.Desktop\bin\x64\Release\net10.0-windows10.0.19041.0\espeak\espeak-ng-data\io_dict".
         Copying file from "C:\Users\Jacob\.nuget\packages\kokorosharp\0.6.7\content\espeak\espeak-ng-data\is_dict" to "C:\Users\Jacob\OneDrive\Personal Files\Development\Visual Studio\Haven AI\Source\src\Haven.Desktop\bin\x64\Release\net10.0-windows10.0.19041.0\espeak\espeak-ng-data\is_dict".
         Copying file from "C:\Users\Jacob\.nuget\packages\kokorosharp\0.6.7\content\espeak\espeak-ng-data\it_dict" to "C:\Users\Jacob\OneDrive\Personal Files\Development\Visual Studio\Haven AI\Source\src\Haven.Desktop\bin\x64\Release\net10.0-windows10.0.19041.0\espeak\espeak-ng-data\it_dict".
         Copying file from "C:\Users\Jacob\.nuget\packages\kokorosharp\0.6.7\content\espeak\espeak-ng-data\ja_dict" to "C:\Users\Jacob\OneDrive\Personal Files\Development\Visual Studio\Haven AI\Source\src\Haven.Desktop\bin\x64\Release\net10.0-windows10.0.19041.0\espeak\espeak-ng-data\ja_dict".
         Copying file from "C:\Users\Jacob\.nuget\packages\kokorosharp\0.6.7\content\espeak\espeak-ng-data\jbo_dict" to "C:\Users\Jacob\OneDrive\Personal Files\Development\Visual Studio\Haven AI\Source\src\Haven.Desktop\bin\x64\Release\net10.0-windows10.0.19041.0\espeak\espeak-ng-data\jbo_dict".
         Copying file from "C:\Users\Jacob\.nuget\packages\kokorosharp\0.6.7\content\espeak\espeak-ng-data\ka_dict" to "C:\Users\Jacob\OneDrive\Personal Files\Development\Visual Studio\Haven AI\Source\src\Haven.Desktop\bin\x64\Release\net10.0-windows10.0.19041.0\espeak\espeak-ng-data\ka_dict".
         Copying file from "C:\Users\Jacob\.nuget\packages\kokorosharp\0.6.7\content\espeak\espeak-ng-data\kk_dict" to "C:\Users\Jacob\OneDrive\Personal Files\Development\Visual Studio\Haven AI\Source\src\Haven.Desktop\bin\x64\Release\net10.0-windows10.0.19041.0\espeak\espeak-ng-data\kk_dict".
         Copying file from "C:\Users\Jacob\.nuget\packages\kokorosharp\0.6.7\content\espeak\espeak-ng-data\kl_dict" to "C:\Users\Jacob\OneDrive\Personal Files\Development\Visual Studio\Haven AI\Source\src\Haven.Desktop\bin\x64\Release\net10.0-windows10.0.19041.0\espeak\espeak-ng-data\kl_dict".
         Copying file from "C:\Users\Jacob\.nuget\packages\kokorosharp\0.6.7\content\espeak\espeak-ng-data\kn_dict" to "C:\Users\Jacob\OneDrive\Personal Files\Development\Visual Studio\Haven AI\Source\src\Haven.Desktop\bin\x64\Release\net10.0-windows10.0.19041.0\espeak\espeak-ng-data\kn_dict".
         Copying file from "C:\Users\Jacob\.nuget\packages\kokorosharp\0.6.7\content\espeak\espeak-ng-data\kok_dict" to "C:\Users\Jacob\OneDrive\Personal Files\Development\Visual Studio\Haven AI\Source\src\Haven.Desktop\bin\x64\Release\net10.0-windows10.0.19041.0\espeak\espeak-ng-data\kok_dict".
         Copying file from "C:\Users\Jacob\.nuget\packages\kokorosharp\0.6.7\content\espeak\espeak-ng-data\ko_dict" to "C:\Users\Jacob\OneDrive\Personal Files\Development\Visual Studio\Haven AI\Source\src\Haven.Desktop\bin\x64\Release\net10.0-windows10.0.19041.0\espeak\espeak-ng-data\ko_dict".
         Copying file from "C:\Users\Jacob\.nuget\packages\kokorosharp\0.6.7\content\espeak\espeak-ng-data\ku_dict" to "C:\Users\Jacob\OneDrive\Personal Files\Development\Visual Studio\Haven AI\Source\src\Haven.Desktop\bin\x64\Release\net10.0-windows10.0.19041.0\espeak\espeak-ng-data\ku_dict".
         Copying file from "C:\Users\Jacob\.nuget\packages\kokorosharp\0.6.7\content\espeak\espeak-ng-data\ky_dict" to "C:\Users\Jacob\OneDrive\Personal Files\Development\Visual Studio\Haven AI\Source\src\Haven.Desktop\bin\x64\Release\net10.0-windows10.0.19041.0\espeak\espeak-ng-data\ky_dict".
         Copying file from "C:\Users\Jacob\.nuget\packages\kokorosharp\0.6.7\content\espeak\espeak-ng-data\lang\aav\vi" to "C:\Users\Jacob\OneDrive\Personal Files\Development\Visual Studio\Haven AI\Source\src\Haven.Desktop\bin\x64\Release\net10.0-windows10.0.19041.0\espeak\espeak-ng-data\lang\aav\vi".
         Copying file from "C:\Users\Jacob\.nuget\packages\kokorosharp\0.6.7\content\espeak\espeak-ng-data\lang\aav\vi-VN-x-central" to "C:\Users\Jacob\OneDrive\Personal Files\Development\Visual Studio\Haven AI\Source\src\Haven.Desktop\bin\x64\Release\net10.0-windows10.0.19041.0\espeak\espeak-ng-data\lang\aav\vi-VN-x-central".
         Copying file from "C:\Users\Jacob\.nuget\packages\kokorosharp\0.6.7\content\espeak\espeak-ng-data\lang\aav\vi-VN-x-south" to "C:\Users\Jacob\OneDrive\Personal Files\Development\Visual Studio\Haven AI\Source\src\Haven.Desktop\bin\x64\Release\net10.0-windows10.0.19041.0\espeak\espeak-ng-data\lang\aav\vi-VN-x-south".
         Copying file from "C:\Users\Jacob\.nuget\packages\kokorosharp\0.6.7\content\espeak\espeak-ng-data\lang\art\eo" to "C:\Users\Jacob\OneDrive\Personal Files\Development\Visual Studio\Haven AI\Source\src\Haven.Desktop\bin\x64\Release\net10.0-windows10.0.19041.0\espeak\espeak-ng-data\lang\art\eo".
         Copying file from "C:\Users\Jacob\.nuget\packages\kokorosharp\0.6.7\content\espeak\espeak-ng-data\lang\art\ia" to "C:\Users\Jacob\OneDrive\Personal Files\Development\Visual Studio\Haven AI\Source\src\Haven.Desktop\bin\x64\Release\net10.0-windows10.0.19041.0\espeak\espeak-ng-data\lang\art\ia".
         Copying file from "C:\Users\Jacob\.nuget\packages\kokorosharp\0.6.7\content\espeak\espeak-ng-data\lang\art\io" to "C:\Users\Jacob\OneDrive\Personal Files\Development\Visual Studio\Haven AI\Source\src\Haven.Desktop\bin\x64\Release\net10.0-windows10.0.19041.0\espeak\espeak-ng-data\lang\art\io".
         Copying file from "C:\Users\Jacob\.nuget\packages\kokorosharp\0.6.7\content\espeak\espeak-ng-data\lang\art\jbo" to "C:\Users\Jacob\OneDrive\Personal Files\Development\Visual Studio\Haven AI\Source\src\Haven.Desktop\bin\x64\Release\net10.0-windows10.0.19041.0\espeak\espeak-ng-data\lang\art\jbo".
         Copying file from "C:\Users\Jacob\.nuget\packages\kokorosharp\0.6.7\content\espeak\espeak-ng-data\lang\art\lfn" to "C:\Users\Jacob\OneDrive\Personal Files\Development\Visual Studio\Haven AI\Source\src\Haven.Desktop\bin\x64\Release\net10.0-windows10.0.19041.0\espeak\espeak-ng-data\lang\art\lfn".
         Copying file from "C:\Users\Jacob\.nuget\packages\kokorosharp\0.6.7\content\espeak\espeak-ng-data\lang\art\piqd" to "C:\Users\Jacob\OneDrive\Personal Files\Development\Visual Studio\Haven AI\Source\src\Haven.Desktop\bin\x64\Release\net10.0-windows10.0.19041.0\espeak\espeak-ng-data\lang\art\piqd".
         Copying file from "C:\Users\Jacob\.nuget\packages\kokorosharp\0.6.7\content\espeak\espeak-ng-data\lang\art\py" to "C:\Users\Jacob\OneDrive\Personal Files\Development\Visual Studio\Haven AI\Source\src\Haven.Desktop\bin\x64\Release\net10.0-windows10.0.19041.0\espeak\espeak-ng-data\lang\art\py".
         Copying file from "C:\Users\Jacob\.nuget\packages\kokorosharp\0.6.7\content\espeak\espeak-ng-data\lang\art\qdb" to "C:\Users\Jacob\OneDrive\Personal Files\Development\Visual Studio\Haven AI\Source\src\Haven.Desktop\bin\x64\Release\net10.0-windows10.0.19041.0\espeak\espeak-ng-data\lang\art\qdb".
         Copying file from "C:\Users\Jacob\.nuget\packages\kokorosharp\0.6.7\content\espeak\espeak-ng-data\lang\azc\nci" to "C:\Users\Jacob\OneDrive\Personal Files\Development\Visual Studio\Haven AI\Source\src\Haven.Desktop\bin\x64\Release\net10.0-windows10.0.19041.0\espeak\espeak-ng-data\lang\azc\nci".
         Copying file from "C:\Users\Jacob\.nuget\packages\kokorosharp\0.6.7\content\espeak\espeak-ng-data\lang\art\qya" to "C:\Users\Jacob\OneDrive\Personal Files\Development\Visual Studio\Haven AI\Source\src\Haven.Desktop\bin\x64\Release\net10.0-windows10.0.19041.0\espeak\espeak-ng-data\lang\art\qya".
         Copying file from "C:\Users\Jacob\.nuget\packages\kokorosharp\0.6.7\content\espeak\espeak-ng-data\lang\art\xex" to "C:\Users\Jacob\OneDrive\Personal Files\Development\Visual Studio\Haven AI\Source\src\Haven.Desktop\bin\x64\Release\net10.0-windows10.0.19041.0\espeak\espeak-ng-data\lang\art\xex".
         Copying file from "C:\Users\Jacob\.nuget\packages\kokorosharp\0.6.7\content\espeak\espeak-ng-data\lang\art\sjn" to "C:\Users\Jacob\OneDrive\Personal Files\Development\Visual Studio\Haven AI\Source\src\Haven.Desktop\bin\x64\Release\net10.0-windows10.0.19041.0\espeak\espeak-ng-data\lang\art\sjn".
         Copying file from "C:\Users\Jacob\.nuget\packages\kokorosharp\0.6.7\content\espeak\espeak-ng-data\lang\bat\lt" to "C:\Users\Jacob\OneDrive\Personal Files\Development\Visual Studio\Haven AI\Source\src\Haven.Desktop\bin\x64\Release\net10.0-windows10.0.19041.0\espeak\espeak-ng-data\lang\bat\lt".
         Copying file from "C:\Users\Jacob\.nuget\packages\kokorosharp\0.6.7\content\espeak\espeak-ng-data\lang\bat\ltg" to "C:\Users\Jacob\OneDrive\Personal Files\Development\Visual Studio\Haven AI\Source\src\Haven.Desktop\bin\x64\Release\net10.0-windows10.0.19041.0\espeak\espeak-ng-data\lang\bat\ltg".
         Copying file from "C:\Users\Jacob\.nuget\packages\kokorosharp\0.6.7\content\espeak\espeak-ng-data\lang\bat\lv" to "C:\Users\Jacob\OneDrive\Personal Files\Development\Visual Studio\Haven AI\Source\src\Haven.Desktop\bin\x64\Release\net10.0-windows10.0.19041.0\espeak\espeak-ng-data\lang\bat\lv".
         Copying file from "C:\Users\Jacob\.nuget\packages\kokorosharp\0.6.7\content\espeak\espeak-ng-data\lang\bnt\sw" to "C:\Users\Jacob\OneDrive\Personal Files\Development\Visual Studio\Haven AI\Source\src\Haven.Desktop\bin\x64\Release\net10.0-windows10.0.19041.0\espeak\espeak-ng-data\lang\bnt\sw".
         Copying file from "C:\Users\Jacob\.nuget\packages\kokorosharp\0.6.7\content\espeak\espeak-ng-data\lang\ccs\ka" to "C:\Users\Jacob\OneDrive\Personal Files\Development\Visual Studio\Haven AI\Source\src\Haven.Desktop\bin\x64\Release\net10.0-windows10.0.19041.0\espeak\espeak-ng-data\lang\ccs\ka".
         Copying file from "C:\Users\Jacob\.nuget\packages\kokorosharp\0.6.7\content\espeak\espeak-ng-data\lang\bnt\tn" to "C:\Users\Jacob\OneDrive\Personal Files\Development\Visual Studio\Haven AI\Source\src\Haven.Desktop\bin\x64\Release\net10.0-windows10.0.19041.0\espeak\espeak-ng-data\lang\bnt\tn".
         Copying file from "C:\Users\Jacob\.nuget\packages\kokorosharp\0.6.7\content\espeak\espeak-ng-data\lang\cel\cy" to "C:\Users\Jacob\OneDrive\Personal Files\Development\Visual Studio\Haven AI\Source\src\Haven.Desktop\bin\x64\Release\net10.0-windows10.0.19041.0\espeak\espeak-ng-data\lang\cel\cy".
         Copying file from "C:\Users\Jacob\.nuget\packages\kokorosharp\0.6.7\content\espeak\espeak-ng-data\lang\cel\ga" to "C:\Users\Jacob\OneDrive\Personal Files\Development\Visual Studio\Haven AI\Source\src\Haven.Desktop\bin\x64\Release\net10.0-windows10.0.19041.0\espeak\espeak-ng-data\lang\cel\ga".
         Copying file from "C:\Users\Jacob\.nuget\packages\kokorosharp\0.6.7\content\espeak\espeak-ng-data\lang\cus\om" to "C:\Users\Jacob\OneDrive\Personal Files\Development\Visual Studio\Haven AI\Source\src\Haven.Desktop\bin\x64\Release\net10.0-windows10.0.19041.0\espeak\espeak-ng-data\lang\cus\om".
         Copying file from "C:\Users\Jacob\.nuget\packages\kokorosharp\0.6.7\content\espeak\espeak-ng-data\lang\dra\kn" to "C:\Users\Jacob\OneDrive\Personal Files\Development\Visual Studio\Haven AI\Source\src\Haven.Desktop\bin\x64\Release\net10.0-windows10.0.19041.0\espeak\espeak-ng-data\lang\dra\kn".
         Copying file from "C:\Users\Jacob\.nuget\packages\kokorosharp\0.6.7\content\espeak\espeak-ng-data\lang\dra\ml" to "C:\Users\Jacob\OneDrive\Personal Files\Development\Visual Studio\Haven AI\Source\src\Haven.Desktop\bin\x64\Release\net10.0-windows10.0.19041.0\espeak\espeak-ng-data\lang\dra\ml".
         Copying file from "C:\Users\Jacob\.nuget\packages\kokorosharp\0.6.7\content\espeak\espeak-ng-data\lang\cel\gd" to "C:\Users\Jacob\OneDrive\Personal Files\Development\Visual Studio\Haven AI\Source\src\Haven.Desktop\bin\x64\Release\net10.0-windows10.0.19041.0\espeak\espeak-ng-data\lang\cel\gd".
         Copying file from "C:\Users\Jacob\.nuget\packages\kokorosharp\0.6.7\content\espeak\espeak-ng-data\lang\dra\ta" to "C:\Users\Jacob\OneDrive\Personal Files\Development\Visual Studio\Haven AI\Source\src\Haven.Desktop\bin\x64\Release\net10.0-windows10.0.19041.0\espeak\espeak-ng-data\lang\dra\ta".
         Copying file from "C:\Users\Jacob\.nuget\packages\kokorosharp\0.6.7\content\espeak\espeak-ng-data\lang\esx\kl" to "C:\Users\Jacob\OneDrive\Personal Files\Development\Visual Studio\Haven AI\Source\src\Haven.Desktop\bin\x64\Release\net10.0-windows10.0.19041.0\espeak\espeak-ng-data\lang\esx\kl".
         Copying file from "C:\Users\Jacob\.nuget\packages\kokorosharp\0.6.7\content\espeak\espeak-ng-data\lang\eu" to "C:\Users\Jacob\OneDrive\Personal Files\Development\Visual Studio\Haven AI\Source\src\Haven.Desktop\bin\x64\Release\net10.0-windows10.0.19041.0\espeak\espeak-ng-data\lang\eu".
         Copying file from "C:\Users\Jacob\.nuget\packages\kokorosharp\0.6.7\content\espeak\espeak-ng-data\lang\dra\te" to "C:\Users\Jacob\OneDrive\Personal Files\Development\Visual Studio\Haven AI\Source\src\Haven.Desktop\bin\x64\Release\net10.0-windows10.0.19041.0\espeak\espeak-ng-data\lang\dra\te".
         Copying file from "C:\Users\Jacob\.nuget\packages\kokorosharp\0.6.7\content\espeak\espeak-ng-data\lang\gmq\da" to "C:\Users\Jacob\OneDrive\Personal Files\Development\Visual Studio\Haven AI\Source\src\Haven.Desktop\bin\x64\Release\net10.0-windows10.0.19041.0\espeak\espeak-ng-data\lang\gmq\da".
         Copying file from "C:\Users\Jacob\.nuget\packages\kokorosharp\0.6.7\content\espeak\espeak-ng-data\lang\gmq\fo" to "C:\Users\Jacob\OneDrive\Personal Files\Development\Visual Studio\Haven AI\Source\src\Haven.Desktop\bin\x64\Release\net10.0-windows10.0.19041.0\espeak\espeak-ng-data\lang\gmq\fo".
         Copying file from "C:\Users\Jacob\.nuget\packages\kokorosharp\0.6.7\content\espeak\espeak-ng-data\lang\gmq\is" to "C:\Users\Jacob\OneDrive\Personal Files\Development\Visual Studio\Haven AI\Source\src\Haven.Desktop\bin\x64\Release\net10.0-windows10.0.19041.0\espeak\espeak-ng-data\lang\gmq\is".
         Copying file from "C:\Users\Jacob\.nuget\packages\kokorosharp\0.6.7\content\espeak\espeak-ng-data\lang\gmq\nb" to "C:\Users\Jacob\OneDrive\Personal Files\Development\Visual Studio\Haven AI\Source\src\Haven.Desktop\bin\x64\Release\net10.0-windows10.0.19041.0\espeak\espeak-ng-data\lang\gmq\nb".
         Copying file from "C:\Users\Jacob\.nuget\packages\kokorosharp\0.6.7\content\espeak\espeak-ng-data\lang\gmq\sv" to "C:\Users\Jacob\OneDrive\Personal Files\Development\Visual Studio\Haven AI\Source\src\Haven.Desktop\bin\x64\Release\net10.0-windows10.0.19041.0\espeak\espeak-ng-data\lang\gmq\sv".
         Copying file from "C:\Users\Jacob\.nuget\packages\kokorosharp\0.6.7\content\espeak\espeak-ng-data\lang\gmw\de" to "C:\Users\Jacob\OneDrive\Personal Files\Development\Visual Studio\Haven AI\Source\src\Haven.Desktop\bin\x64\Release\net10.0-windows10.0.19041.0\espeak\espeak-ng-data\lang\gmw\de".
         Copying file from "C:\Users\Jacob\.nuget\packages\kokorosharp\0.6.7\content\espeak\espeak-ng-data\lang\gmw\en" to "C:\Users\Jacob\OneDrive\Personal Files\Development\Visual Studio\Haven AI\Source\src\Haven.Desktop\bin\x64\Release\net10.0-windows10.0.19041.0\espeak\espeak-ng-data\lang\gmw\en".
         Copying file from "C:\Users\Jacob\.nuget\packages\kokorosharp\0.6.7\content\espeak\espeak-ng-data\lang\gmw\af" to "C:\Users\Jacob\OneDrive\Personal Files\Development\Visual Studio\Haven AI\Source\src\Haven.Desktop\bin\x64\Release\net10.0-windows10.0.19041.0\espeak\espeak-ng-data\lang\gmw\af".
         Copying file from "C:\Users\Jacob\.nuget\packages\kokorosharp\0.6.7\content\espeak\espeak-ng-data\lang\gmw\en-029" to "C:\Users\Jacob\OneDrive\Personal Files\Development\Visual Studio\Haven AI\Source\src\Haven.Desktop\bin\x64\Release\net10.0-windows10.0.19041.0\espeak\espeak-ng-data\lang\gmw\en-029".
         Copying file from "C:\Users\Jacob\.nuget\packages\kokorosharp\0.6.7\content\espeak\espeak-ng-data\lang\gmw\en-GB-scotland" to "C:\Users\Jacob\OneDrive\Personal Files\Development\Visual Studio\Haven AI\Source\src\Haven.Desktop\bin\x64\Release\net10.0-windows10.0.19041.0\espeak\espeak-ng-data\lang\gmw\en-GB-scotland".
         Copying file from "C:\Users\Jacob\.nuget\packages\kokorosharp\0.6.7\content\espeak\espeak-ng-data\lang\gmw\en-GB-x-gbclan" to "C:\Users\Jacob\OneDrive\Personal Files\Development\Visual Studio\Haven AI\Source\src\Haven.Desktop\bin\x64\Release\net10.0-windows10.0.19041.0\espeak\espeak-ng-data\lang\gmw\en-GB-x-gbclan".
         Copying file from "C:\Users\Jacob\.nuget\packages\kokorosharp\0.6.7\content\espeak\espeak-ng-data\lang\gmw\en-GB-x-gbcwmd" to "C:\Users\Jacob\OneDrive\Personal Files\Development\Visual Studio\Haven AI\Source\src\Haven.Desktop\bin\x64\Release\net10.0-windows10.0.19041.0\espeak\espeak-ng-data\lang\gmw\en-GB-x-gbcwmd".
         Copying file from "C:\Users\Jacob\.nuget\packages\kokorosharp\0.6.7\content\espeak\espeak-ng-data\lang\gmw\en-Shaw" to "C:\Users\Jacob\OneDrive\Personal Files\Development\Visual Studio\Haven AI\Source\src\Haven.Desktop\bin\x64\Release\net10.0-windows10.0.19041.0\espeak\espeak-ng-data\lang\gmw\en-Shaw".
         Copying file from "C:\Users\Jacob\.nuget\packages\kokorosharp\0.6.7\content\espeak\espeak-ng-data\lang\gmw\en-GB-x-rp" to "C:\Users\Jacob\OneDrive\Personal Files\Development\Visual Studio\Haven AI\Source\src\Haven.Desktop\bin\x64\Release\net10.0-windows10.0.19041.0\espeak\espeak-ng-data\lang\gmw\en-GB-x-rp".
         Copying file from "C:\Users\Jacob\.nuget\packages\kokorosharp\0.6.7\content\espeak\espeak-ng-data\lang\gmw\en-US" to "C:\Users\Jacob\OneDrive\Personal Files\Development\Visual Studio\Haven AI\Source\src\Haven.Desktop\bin\x64\Release\net10.0-windows10.0.19041.0\espeak\espeak-ng-data\lang\gmw\en-US".
         Copying file from "C:\Users\Jacob\.nuget\packages\kokorosharp\0.6.7\content\espeak\espeak-ng-data\lang\gmw\en-US-nyc" to "C:\Users\Jacob\OneDrive\Personal Files\Development\Visual Studio\Haven AI\Source\src\Haven.Desktop\bin\x64\Release\net10.0-windows10.0.19041.0\espeak\espeak-ng-data\lang\gmw\en-US-nyc".
         Copying file from "C:\Users\Jacob\.nuget\packages\kokorosharp\0.6.7\content\espeak\espeak-ng-data\lang\gmw\lb" to "C:\Users\Jacob\OneDrive\Personal Files\Development\Visual Studio\Haven AI\Source\src\Haven.Desktop\bin\x64\Release\net10.0-windows10.0.19041.0\espeak\espeak-ng-data\lang\gmw\lb".
         Copying file from "C:\Users\Jacob\.nuget\packages\kokorosharp\0.6.7\content\espeak\espeak-ng-data\lang\gmw\nl" to "C:\Users\Jacob\OneDrive\Personal Files\Development\Visual Studio\Haven AI\Source\src\Haven.Desktop\bin\x64\Release\net10.0-windows10.0.19041.0\espeak\espeak-ng-data\lang\gmw\nl".
         Copying file from "C:\Users\Jacob\.nuget\packages\kokorosharp\0.6.7\content\espeak\espeak-ng-data\lang\grk\el" to "C:\Users\Jacob\OneDrive\Personal Files\Development\Visual Studio\Haven AI\Source\src\Haven.Desktop\bin\x64\Release\net10.0-windows10.0.19041.0\espeak\espeak-ng-data\lang\grk\el".
         Copying file from "C:\Users\Jacob\.nuget\packages\kokorosharp\0.6.7\content\espeak\espeak-ng-data\lang\grk\grc" to "C:\Users\Jacob\OneDrive\Personal Files\Development\Visual Studio\Haven AI\Source\src\Haven.Desktop\bin\x64\Release\net10.0-windows10.0.19041.0\espeak\espeak-ng-data\lang\grk\grc".
         Copying file from "C:\Users\Jacob\.nuget\packages\kokorosharp\0.6.7\content\espeak\espeak-ng-data\lang\inc\as" to "C:\Users\Jacob\OneDrive\Personal Files\Development\Visual Studio\Haven AI\Source\src\Haven.Desktop\bin\x64\Release\net10.0-windows10.0.19041.0\espeak\espeak-ng-data\lang\inc\as".
         Copying file from "C:\Users\Jacob\.nuget\packages\kokorosharp\0.6.7\content\espeak\espeak-ng-data\lang\inc\bn" to "C:\Users\Jacob\OneDrive\Personal Files\Development\Visual Studio\Haven AI\Source\src\Haven.Desktop\bin\x64\Release\net10.0-windows10.0.19041.0\espeak\espeak-ng-data\lang\inc\bn".
         Copying file from "C:\Users\Jacob\.nuget\packages\kokorosharp\0.6.7\content\espeak\espeak-ng-data\lang\inc\gu" to "C:\Users\Jacob\OneDrive\Personal Files\Development\Visual Studio\Haven AI\Source\src\Haven.Desktop\bin\x64\Release\net10.0-windows10.0.19041.0\espeak\espeak-ng-data\lang\inc\gu".
         Copying file from "C:\Users\Jacob\.nuget\packages\kokorosharp\0.6.7\content\espeak\espeak-ng-data\lang\inc\hi" to "C:\Users\Jacob\OneDrive\Personal Files\Development\Visual Studio\Haven AI\Source\src\Haven.Desktop\bin\x64\Release\net10.0-windows10.0.19041.0\espeak\espeak-ng-data\lang\inc\hi".
         Copying file from "C:\Users\Jacob\.nuget\packages\kokorosharp\0.6.7\content\espeak\espeak-ng-data\lang\inc\bpy" to "C:\Users\Jacob\OneDrive\Personal Files\Development\Visual Studio\Haven AI\Source\src\Haven.Desktop\bin\x64\Release\net10.0-windows10.0.19041.0\espeak\espeak-ng-data\lang\inc\bpy".
         Copying file from "C:\Users\Jacob\.nuget\packages\kokorosharp\0.6.7\content\espeak\espeak-ng-data\lang\inc\kok" to "C:\Users\Jacob\OneDrive\Personal Files\Development\Visual Studio\Haven AI\Source\src\Haven.Desktop\bin\x64\Release\net10.0-windows10.0.19041.0\espeak\espeak-ng-data\lang\inc\kok".
         Copying file from "C:\Users\Jacob\.nuget\packages\kokorosharp\0.6.7\content\espeak\espeak-ng-data\lang\inc\mr" to "C:\Users\Jacob\OneDrive\Personal Files\Development\Visual Studio\Haven AI\Source\src\Haven.Desktop\bin\x64\Release\net10.0-windows10.0.19041.0\espeak\espeak-ng-data\lang\inc\mr".
         Copying file from "C:\Users\Jacob\.nuget\packages\kokorosharp\0.6.7\content\espeak\espeak-ng-data\lang\inc\or" to "C:\Users\Jacob\OneDrive\Personal Files\Development\Visual Studio\Haven AI\Source\src\Haven.Desktop\bin\x64\Release\net10.0-windows10.0.19041.0\espeak\espeak-ng-data\lang\inc\or".
         Copying file from "C:\Users\Jacob\.nuget\packages\kokorosharp\0.6.7\content\espeak\espeak-ng-data\lang\inc\ne" to "C:\Users\Jacob\OneDrive\Personal Files\Development\Visual Studio\Haven AI\Source\src\Haven.Desktop\bin\x64\Release\net10.0-windows10.0.19041.0\espeak\espeak-ng-data\lang\inc\ne".
         Copying file from "C:\Users\Jacob\.nuget\packages\kokorosharp\0.6.7\content\espeak\espeak-ng-data\lang\inc\pa" to "C:\Users\Jacob\OneDrive\Personal Files\Development\Visual Studio\Haven AI\Source\src\Haven.Desktop\bin\x64\Release\net10.0-windows10.0.19041.0\espeak\espeak-ng-data\lang\inc\pa".
         Copying file from "C:\Users\Jacob\.nuget\packages\kokorosharp\0.6.7\content\espeak\espeak-ng-data\lang\inc\sd" to "C:\Users\Jacob\OneDrive\Personal Files\Development\Visual Studio\Haven AI\Source\src\Haven.Desktop\bin\x64\Release\net10.0-windows10.0.19041.0\espeak\espeak-ng-data\lang\inc\sd".
         Copying file from "C:\Users\Jacob\.nuget\packages\kokorosharp\0.6.7\content\espeak\espeak-ng-data\lang\inc\si" to "C:\Users\Jacob\OneDrive\Personal Files\Development\Visual Studio\Haven AI\Source\src\Haven.Desktop\bin\x64\Release\net10.0-windows10.0.19041.0\espeak\espeak-ng-data\lang\inc\si".
         Copying file from "C:\Users\Jacob\.nuget\packages\kokorosharp\0.6.7\content\espeak\espeak-ng-data\lang\inc\ur" to "C:\Users\Jacob\OneDrive\Personal Files\Development\Visual Studio\Haven AI\Source\src\Haven.Desktop\bin\x64\Release\net10.0-windows10.0.19041.0\espeak\espeak-ng-data\lang\inc\ur".
         Copying file from "C:\Users\Jacob\.nuget\packages\kokorosharp\0.6.7\content\espeak\espeak-ng-data\lang\ine\hy" to "C:\Users\Jacob\OneDrive\Personal Files\Development\Visual Studio\Haven AI\Source\src\Haven.Desktop\bin\x64\Release\net10.0-windows10.0.19041.0\espeak\espeak-ng-data\lang\ine\hy".
         Copying file from "C:\Users\Jacob\.nuget\packages\kokorosharp\0.6.7\content\espeak\espeak-ng-data\lang\ine\hyw" to "C:\Users\Jacob\OneDrive\Personal Files\Development\Visual Studio\Haven AI\Source\src\Haven.Desktop\bin\x64\Release\net10.0-windows10.0.19041.0\espeak\espeak-ng-data\lang\ine\hyw".
         Copying file from "C:\Users\Jacob\.nuget\packages\kokorosharp\0.6.7\content\espeak\espeak-ng-data\lang\ine\sq" to "C:\Users\Jacob\OneDrive\Personal Files\Development\Visual Studio\Haven AI\Source\src\Haven.Desktop\bin\x64\Release\net10.0-windows10.0.19041.0\espeak\espeak-ng-data\lang\ine\sq".
         Copying file from "C:\Users\Jacob\.nuget\packages\kokorosharp\0.6.7\content\espeak\espeak-ng-data\lang\ira\fa" to "C:\Users\Jacob\OneDrive\Personal Files\Development\Visual Studio\Haven AI\Source\src\Haven.Desktop\bin\x64\Release\net10.0-windows10.0.19041.0\espeak\espeak-ng-data\lang\ira\fa".
         Copying file from "C:\Users\Jacob\.nuget\packages\kokorosharp\0.6.7\content\espeak\espeak-ng-data\lang\iro\chr" to "C:\Users\Jacob\OneDrive\Personal Files\Development\Visual Studio\Haven AI\Source\src\Haven.Desktop\bin\x64\Release\net10.0-windows10.0.19041.0\espeak\espeak-ng-data\lang\iro\chr".
         Copying file from "C:\Users\Jacob\.nuget\packages\kokorosharp\0.6.7\content\espeak\espeak-ng-data\lang\ira\ku" to "C:\Users\Jacob\OneDrive\Personal Files\Development\Visual Studio\Haven AI\Source\src\Haven.Desktop\bin\x64\Release\net10.0-windows10.0.19041.0\espeak\espeak-ng-data\lang\ira\ku".
         Copying file from "C:\Users\Jacob\.nuget\packages\kokorosharp\0.6.7\content\espeak\espeak-ng-data\lang\ira\fa-Latn" to "C:\Users\Jacob\OneDrive\Personal Files\Development\Visual Studio\Haven AI\Source\src\Haven.Desktop\bin\x64\Release\net10.0-windows10.0.19041.0\espeak\espeak-ng-data\lang\ira\fa-Latn".
         Copying file from "C:\Users\Jacob\.nuget\packages\kokorosharp\0.6.7\content\espeak\espeak-ng-data\lang\itc\la" to "C:\Users\Jacob\OneDrive\Personal Files\Development\Visual Studio\Haven AI\Source\src\Haven.Desktop\bin\x64\Release\net10.0-windows10.0.19041.0\espeak\espeak-ng-data\lang\itc\la".
         Copying file from "C:\Users\Jacob\.nuget\packages\kokorosharp\0.6.7\content\espeak\espeak-ng-data\lang\ko" to "C:\Users\Jacob\OneDrive\Personal Files\Development\Visual Studio\Haven AI\Source\src\Haven.Desktop\bin\x64\Release\net10.0-windows10.0.19041.0\espeak\espeak-ng-data\lang\ko".
         Copying file from "C:\Users\Jacob\.nuget\packages\kokorosharp\0.6.7\content\espeak\espeak-ng-data\lang\jpx\ja" to "C:\Users\Jacob\OneDrive\Personal Files\Development\Visual Studio\Haven AI\Source\src\Haven.Desktop\bin\x64\Release\net10.0-windows10.0.19041.0\espeak\espeak-ng-data\lang\jpx\ja".
         Copying file from "C:\Users\Jacob\.nuget\packages\kokorosharp\0.6.7\content\espeak\espeak-ng-data\lang\poz\id" to "C:\Users\Jacob\OneDrive\Personal Files\Development\Visual Studio\Haven AI\Source\src\Haven.Desktop\bin\x64\Release\net10.0-windows10.0.19041.0\espeak\espeak-ng-data\lang\poz\id".
         Copying file from "C:\Users\Jacob\.nuget\packages\kokorosharp\0.6.7\content\espeak\espeak-ng-data\lang\map\haw" to "C:\Users\Jacob\OneDrive\Personal Files\Development\Visual Studio\Haven AI\Source\src\Haven.Desktop\bin\x64\Release\net10.0-windows10.0.19041.0\espeak\espeak-ng-data\lang\map\haw".
         Copying file from "C:\Users\Jacob\.nuget\packages\kokorosharp\0.6.7\content\espeak\espeak-ng-data\lang\miz\mto" to "C:\Users\Jacob\OneDrive\Personal Files\Development\Visual Studio\Haven AI\Source\src\Haven.Desktop\bin\x64\Release\net10.0-windows10.0.19041.0\espeak\espeak-ng-data\lang\miz\mto".
         Copying file from "C:\Users\Jacob\.nuget\packages\kokorosharp\0.6.7\content\espeak\espeak-ng-data\lang\myn\quc" to "C:\Users\Jacob\OneDrive\Personal Files\Development\Visual Studio\Haven AI\Source\src\Haven.Desktop\bin\x64\Release\net10.0-windows10.0.19041.0\espeak\espeak-ng-data\lang\myn\quc".
         Copying file from "C:\Users\Jacob\.nuget\packages\kokorosharp\0.6.7\content\espeak\espeak-ng-data\lang\poz\mi" to "C:\Users\Jacob\OneDrive\Personal Files\Development\Visual Studio\Haven AI\Source\src\Haven.Desktop\bin\x64\Release\net10.0-windows10.0.19041.0\espeak\espeak-ng-data\lang\poz\mi".
         Copying file from "C:\Users\Jacob\.nuget\packages\kokorosharp\0.6.7\content\espeak\espeak-ng-data\lang\qu" to "C:\Users\Jacob\OneDrive\Personal Files\Development\Visual Studio\Haven AI\Source\src\Haven.Desktop\bin\x64\Release\net10.0-windows10.0.19041.0\espeak\espeak-ng-data\lang\qu".
         Copying file from "C:\Users\Jacob\.nuget\packages\kokorosharp\0.6.7\content\espeak\espeak-ng-data\lang\poz\ms" to "C:\Users\Jacob\OneDrive\Personal Files\Development\Visual Studio\Haven AI\Source\src\Haven.Desktop\bin\x64\Release\net10.0-windows10.0.19041.0\espeak\espeak-ng-data\lang\poz\ms".
         Copying file from "C:\Users\Jacob\.nuget\packages\kokorosharp\0.6.7\content\espeak\espeak-ng-data\lang\roa\an" to "C:\Users\Jacob\OneDrive\Personal Files\Development\Visual Studio\Haven AI\Source\src\Haven.Desktop\bin\x64\Release\net10.0-windows10.0.19041.0\espeak\espeak-ng-data\lang\roa\an".
         Copying file from "C:\Users\Jacob\.nuget\packages\kokorosharp\0.6.7\content\espeak\espeak-ng-data\lang\roa\ca" to "C:\Users\Jacob\OneDrive\Personal Files\Development\Visual Studio\Haven AI\Source\src\Haven.Desktop\bin\x64\Release\net10.0-windows10.0.19041.0\espeak\espeak-ng-data\lang\roa\ca".
         Copying file from "C:\Users\Jacob\.nuget\packages\kokorosharp\0.6.7\content\espeak\espeak-ng-data\lang\roa\ca-ba" to "C:\Users\Jacob\OneDrive\Personal Files\Development\Visual Studio\Haven AI\Source\src\Haven.Desktop\bin\x64\Release\net10.0-windows10.0.19041.0\espeak\espeak-ng-data\lang\roa\ca-ba".
         Copying file from "C:\Users\Jacob\.nuget\packages\kokorosharp\0.6.7\content\espeak\espeak-ng-data\lang\roa\ca-nw" to "C:\Users\Jacob\OneDrive\Personal Files\Development\Visual Studio\Haven AI\Source\src\Haven.Desktop\bin\x64\Release\net10.0-windows10.0.19041.0\espeak\espeak-ng-data\lang\roa\ca-nw".
         Copying file from "C:\Users\Jacob\.nuget\packages\kokorosharp\0.6.7\content\espeak\espeak-ng-data\lang\roa\ca-va" to "C:\Users\Jacob\OneDrive\Personal Files\Development\Visual Studio\Haven AI\Source\src\Haven.Desktop\bin\x64\Release\net10.0-windows10.0.19041.0\espeak\espeak-ng-data\lang\roa\ca-va".
         Copying file from "C:\Users\Jacob\.nuget\packages\kokorosharp\0.6.7\content\espeak\espeak-ng-data\lang\roa\es" to "C:\Users\Jacob\OneDrive\Personal Files\Development\Visual Studio\Haven AI\Source\src\Haven.Desktop\bin\x64\Release\net10.0-windows10.0.19041.0\espeak\espeak-ng-data\lang\roa\es".
         Copying file from "C:\Users\Jacob\.nuget\packages\kokorosharp\0.6.7\content\espeak\espeak-ng-data\lang\roa\es-419" to "C:\Users\Jacob\OneDrive\Personal Files\Development\Visual Studio\Haven AI\Source\src\Haven.Desktop\bin\x64\Release\net10.0-windows10.0.19041.0\espeak\espeak-ng-data\lang\roa\es-419".
         Copying file from "C:\Users\Jacob\.nuget\packages\kokorosharp\0.6.7\content\espeak\espeak-ng-data\lang\roa\fr" to "C:\Users\Jacob\OneDrive\Personal Files\Development\Visual Studio\Haven AI\Source\src\Haven.Desktop\bin\x64\Release\net10.0-windows10.0.19041.0\espeak\espeak-ng-data\lang\roa\fr".
         Copying file from "C:\Users\Jacob\.nuget\packages\kokorosharp\0.6.7\content\espeak\espeak-ng-data\lang\roa\fr-BE" to "C:\Users\Jacob\OneDrive\Personal Files\Development\Visual Studio\Haven AI\Source\src\Haven.Desktop\bin\x64\Release\net10.0-windows10.0.19041.0\espeak\espeak-ng-data\lang\roa\fr-BE".
         Copying file from "C:\Users\Jacob\.nuget\packages\kokorosharp\0.6.7\content\espeak\espeak-ng-data\lang\roa\fr-CH" to "C:\Users\Jacob\OneDrive\Personal Files\Development\Visual Studio\Haven AI\Source\src\Haven.Desktop\bin\x64\Release\net10.0-windows10.0.19041.0\espeak\espeak-ng-data\lang\roa\fr-CH".
         Copying file from "C:\Users\Jacob\.nuget\packages\kokorosharp\0.6.7\content\espeak\espeak-ng-data\lang\roa\ht" to "C:\Users\Jacob\OneDrive\Personal Files\Development\Visual Studio\Haven AI\Source\src\Haven.Desktop\bin\x64\Release\net10.0-windows10.0.19041.0\espeak\espeak-ng-data\lang\roa\ht".
         Copying file from "C:\Users\Jacob\.nuget\packages\kokorosharp\0.6.7\content\espeak\espeak-ng-data\lang\roa\it" to "C:\Users\Jacob\OneDrive\Personal Files\Development\Visual Studio\Haven AI\Source\src\Haven.Desktop\bin\x64\Release\net10.0-windows10.0.19041.0\espeak\espeak-ng-data\lang\roa\it".
         Copying file from "C:\Users\Jacob\.nuget\packages\kokorosharp\0.6.7\content\espeak\espeak-ng-data\lang\roa\pap" to "C:\Users\Jacob\OneDrive\Personal Files\Development\Visual Studio\Haven AI\Source\src\Haven.Desktop\bin\x64\Release\net10.0-windows10.0.19041.0\espeak\espeak-ng-data\lang\roa\pap".
         Copying file from "C:\Users\Jacob\.nuget\packages\kokorosharp\0.6.7\content\espeak\espeak-ng-data\lang\roa\pt" to "C:\Users\Jacob\OneDrive\Personal Files\Development\Visual Studio\Haven AI\Source\src\Haven.Desktop\bin\x64\Release\net10.0-windows10.0.19041.0\espeak\espeak-ng-data\lang\roa\pt".
         Copying file from "C:\Users\Jacob\.nuget\packages\kokorosharp\0.6.7\content\espeak\espeak-ng-data\lang\roa\pt-BR" to "C:\Users\Jacob\OneDrive\Personal Files\Development\Visual Studio\Haven AI\Source\src\Haven.Desktop\bin\x64\Release\net10.0-windows10.0.19041.0\espeak\espeak-ng-data\lang\roa\pt-BR".
         Copying file from "C:\Users\Jacob\.nuget\packages\kokorosharp\0.6.7\content\espeak\espeak-ng-data\lang\sai\gn" to "C:\Users\Jacob\OneDrive\Personal Files\Development\Visual Studio\Haven AI\Source\src\Haven.Desktop\bin\x64\Release\net10.0-windows10.0.19041.0\espeak\espeak-ng-data\lang\sai\gn".
         Copying file from "C:\Users\Jacob\.nuget\packages\kokorosharp\0.6.7\content\espeak\espeak-ng-data\lang\sem\am" to "C:\Users\Jacob\OneDrive\Personal Files\Development\Visual Studio\Haven AI\Source\src\Haven.Desktop\bin\x64\Release\net10.0-windows10.0.19041.0\espeak\espeak-ng-data\lang\sem\am".
         Copying file from "C:\Users\Jacob\.nuget\packages\kokorosharp\0.6.7\content\espeak\espeak-ng-data\lang\roa\ro" to "C:\Users\Jacob\OneDrive\Personal Files\Development\Visual Studio\Haven AI\Source\src\Haven.Desktop\bin\x64\Release\net10.0-windows10.0.19041.0\espeak\espeak-ng-data\lang\roa\ro".
         Copying file from "C:\Users\Jacob\.nuget\packages\kokorosharp\0.6.7\content\espeak\espeak-ng-data\lang\sem\ar" to "C:\Users\Jacob\OneDrive\Personal Files\Development\Visual Studio\Haven AI\Source\src\Haven.Desktop\bin\x64\Release\net10.0-windows10.0.19041.0\espeak\espeak-ng-data\lang\sem\ar".
         Copying file from "C:\Users\Jacob\.nuget\packages\kokorosharp\0.6.7\content\espeak\espeak-ng-data\lang\sit\cmn" to "C:\Users\Jacob\OneDrive\Personal Files\Development\Visual Studio\Haven AI\Source\src\Haven.Desktop\bin\x64\Release\net10.0-windows10.0.19041.0\espeak\espeak-ng-data\lang\sit\cmn".
         Copying file from "C:\Users\Jacob\.nuget\packages\kokorosharp\0.6.7\content\espeak\espeak-ng-data\lang\sem\he" to "C:\Users\Jacob\OneDrive\Personal Files\Development\Visual Studio\Haven AI\Source\src\Haven.Desktop\bin\x64\Release\net10.0-windows10.0.19041.0\espeak\espeak-ng-data\lang\sem\he".
         Copying file from "C:\Users\Jacob\.nuget\packages\kokorosharp\0.6.7\content\espeak\espeak-ng-data\lang\sit\cmn-Latn-pinyin" to "C:\Users\Jacob\OneDrive\Personal Files\Development\Visual Studio\Haven AI\Source\src\Haven.Desktop\bin\x64\Release\net10.0-windows10.0.19041.0\espeak\espeak-ng-data\lang\sit\cmn-Latn-pinyin".
         Copying file from "C:\Users\Jacob\.nuget\packages\kokorosharp\0.6.7\content\espeak\espeak-ng-data\lang\sem\ti" to "C:\Users\Jacob\OneDrive\Personal Files\Development\Visual Studio\Haven AI\Source\src\Haven.Desktop\bin\x64\Release\net10.0-windows10.0.19041.0\espeak\espeak-ng-data\lang\sem\ti".
         Copying file from "C:\Users\Jacob\.nuget\packages\kokorosharp\0.6.7\content\espeak\espeak-ng-data\lang\sem\mt" to "C:\Users\Jacob\OneDrive\Personal Files\Development\Visual Studio\Haven AI\Source\src\Haven.Desktop\bin\x64\Release\net10.0-windows10.0.19041.0\espeak\espeak-ng-data\lang\sem\mt".
         Copying file from "C:\Users\Jacob\.nuget\packages\kokorosharp\0.6.7\content\espeak\espeak-ng-data\lang\sit\hak" to "C:\Users\Jacob\OneDrive\Personal Files\Development\Visual Studio\Haven AI\Source\src\Haven.Desktop\bin\x64\Release\net10.0-windows10.0.19041.0\espeak\espeak-ng-data\lang\sit\hak".
         Copying file from "C:\Users\Jacob\.nuget\packages\kokorosharp\0.6.7\content\espeak\espeak-ng-data\lang\sit\my" to "C:\Users\Jacob\OneDrive\Personal Files\Development\Visual Studio\Haven AI\Source\src\Haven.Desktop\bin\x64\Release\net10.0-windows10.0.19041.0\espeak\espeak-ng-data\lang\sit\my".
         Copying file from "C:\Users\Jacob\.nuget\packages\kokorosharp\0.6.7\content\espeak\espeak-ng-data\lang\sit\yue" to "C:\Users\Jacob\OneDrive\Personal Files\Development\Visual Studio\Haven AI\Source\src\Haven.Desktop\bin\x64\Release\net10.0-windows10.0.19041.0\espeak\espeak-ng-data\lang\sit\yue".
         Copying file from "C:\Users\Jacob\.nuget\packages\kokorosharp\0.6.7\content\espeak\espeak-ng-data\lang\tai\shn" to "C:\Users\Jacob\OneDrive\Personal Files\Development\Visual Studio\Haven AI\Source\src\Haven.Desktop\bin\x64\Release\net10.0-windows10.0.19041.0\espeak\espeak-ng-data\lang\tai\shn".
         Copying file from "C:\Users\Jacob\.nuget\packages\kokorosharp\0.6.7\content\espeak\espeak-ng-data\lang\tai\th" to "C:\Users\Jacob\OneDrive\Personal Files\Development\Visual Studio\Haven AI\Source\src\Haven.Desktop\bin\x64\Release\net10.0-windows10.0.19041.0\espeak\espeak-ng-data\lang\tai\th".
         Copying file from "C:\Users\Jacob\.nuget\packages\kokorosharp\0.6.7\content\espeak\espeak-ng-data\lang\sit\yue-Latn-jyutping" to "C:\Users\Jacob\OneDrive\Personal Files\Development\Visual Studio\Haven AI\Source\src\Haven.Desktop\bin\x64\Release\net10.0-windows10.0.19041.0\espeak\espeak-ng-data\lang\sit\yue-Latn-jyutping".
         Copying file from "C:\Users\Jacob\.nuget\packages\kokorosharp\0.6.7\content\espeak\espeak-ng-data\lang\trk\az" to "C:\Users\Jacob\OneDrive\Personal Files\Development\Visual Studio\Haven AI\Source\src\Haven.Desktop\bin\x64\Release\net10.0-windows10.0.19041.0\espeak\espeak-ng-data\lang\trk\az".
         Copying file from "C:\Users\Jacob\.nuget\packages\kokorosharp\0.6.7\content\espeak\espeak-ng-data\lang\trk\ba" to "C:\Users\Jacob\OneDrive\Personal Files\Development\Visual Studio\Haven AI\Source\src\Haven.Desktop\bin\x64\Release\net10.0-windows10.0.19041.0\espeak\espeak-ng-data\lang\trk\ba".
         Copying file from "C:\Users\Jacob\.nuget\packages\kokorosharp\0.6.7\content\espeak\espeak-ng-data\lang\trk\cv" to "C:\Users\Jacob\OneDrive\Personal Files\Development\Visual Studio\Haven AI\Source\src\Haven.Desktop\bin\x64\Release\net10.0-windows10.0.19041.0\espeak\espeak-ng-data\lang\trk\cv".
         Copying file from "C:\Users\Jacob\.nuget\packages\kokorosharp\0.6.7\content\espeak\espeak-ng-data\lang\trk\kaa" to "C:\Users\Jacob\OneDrive\Personal Files\Development\Visual Studio\Haven AI\Source\src\Haven.Desktop\bin\x64\Release\net10.0-windows10.0.19041.0\espeak\espeak-ng-data\lang\trk\kaa".
         Copying file from "C:\Users\Jacob\.nuget\packages\kokorosharp\0.6.7\content\espeak\espeak-ng-data\lang\trk\kk" to "C:\Users\Jacob\OneDrive\Personal Files\Development\Visual Studio\Haven AI\Source\src\Haven.Desktop\bin\x64\Release\net10.0-windows10.0.19041.0\espeak\espeak-ng-data\lang\trk\kk".
         Copying file from "C:\Users\Jacob\.nuget\packages\kokorosharp\0.6.7\content\espeak\espeak-ng-data\lang\trk\ky" to "C:\Users\Jacob\OneDrive\Personal Files\Development\Visual Studio\Haven AI\Source\src\Haven.Desktop\bin\x64\Release\net10.0-windows10.0.19041.0\espeak\espeak-ng-data\lang\trk\ky".
         Copying file from "C:\Users\Jacob\.nuget\packages\kokorosharp\0.6.7\content\espeak\espeak-ng-data\lang\trk\nog" to "C:\Users\Jacob\OneDrive\Personal Files\Development\Visual Studio\Haven AI\Source\src\Haven.Desktop\bin\x64\Release\net10.0-windows10.0.19041.0\espeak\espeak-ng-data\lang\trk\nog".
         Copying file from "C:\Users\Jacob\.nuget\packages\kokorosharp\0.6.7\content\espeak\espeak-ng-data\lang\trk\tk" to "C:\Users\Jacob\OneDrive\Personal Files\Development\Visual Studio\Haven AI\Source\src\Haven.Desktop\bin\x64\Release\net10.0-windows10.0.19041.0\espeak\espeak-ng-data\lang\trk\tk".
         Copying file from "C:\Users\Jacob\.nuget\packages\kokorosharp\0.6.7\content\espeak\espeak-ng-data\lang\trk\tr" to "C:\Users\Jacob\OneDrive\Personal Files\Development\Visual Studio\Haven AI\Source\src\Haven.Desktop\bin\x64\Release\net10.0-windows10.0.19041.0\espeak\espeak-ng-data\lang\trk\tr".
         Copying file from "C:\Users\Jacob\.nuget\packages\kokorosharp\0.6.7\content\espeak\espeak-ng-data\lang\trk\tt" to "C:\Users\Jacob\OneDrive\Personal Files\Development\Visual Studio\Haven AI\Source\src\Haven.Desktop\bin\x64\Release\net10.0-windows10.0.19041.0\espeak\espeak-ng-data\lang\trk\tt".
         Copying file from "C:\Users\Jacob\.nuget\packages\kokorosharp\0.6.7\content\espeak\espeak-ng-data\lang\trk\ug" to "C:\Users\Jacob\OneDrive\Personal Files\Development\Visual Studio\Haven AI\Source\src\Haven.Desktop\bin\x64\Release\net10.0-windows10.0.19041.0\espeak\espeak-ng-data\lang\trk\ug".
         Copying file from "C:\Users\Jacob\.nuget\packages\kokorosharp\0.6.7\content\espeak\espeak-ng-data\lang\trk\uz" to "C:\Users\Jacob\OneDrive\Personal Files\Development\Visual Studio\Haven AI\Source\src\Haven.Desktop\bin\x64\Release\net10.0-windows10.0.19041.0\espeak\espeak-ng-data\lang\trk\uz".
         Copying file from "C:\Users\Jacob\.nuget\packages\kokorosharp\0.6.7\content\espeak\espeak-ng-data\lang\urj\et" to "C:\Users\Jacob\OneDrive\Personal Files\Development\Visual Studio\Haven AI\Source\src\Haven.Desktop\bin\x64\Release\net10.0-windows10.0.19041.0\espeak\espeak-ng-data\lang\urj\et".
         Copying file from "C:\Users\Jacob\.nuget\packages\kokorosharp\0.6.7\content\espeak\espeak-ng-data\lang\urj\fi" to "C:\Users\Jacob\OneDrive\Personal Files\Development\Visual Studio\Haven AI\Source\src\Haven.Desktop\bin\x64\Release\net10.0-windows10.0.19041.0\espeak\espeak-ng-data\lang\urj\fi".
         Copying file from "C:\Users\Jacob\.nuget\packages\kokorosharp\0.6.7\content\espeak\espeak-ng-data\lang\zle\be" to "C:\Users\Jacob\OneDrive\Personal Files\Development\Visual Studio\Haven AI\Source\src\Haven.Desktop\bin\x64\Release\net10.0-windows10.0.19041.0\espeak\espeak-ng-data\lang\zle\be".
         Copying file from "C:\Users\Jacob\.nuget\packages\kokorosharp\0.6.7\content\espeak\espeak-ng-data\lang\urj\hu" to "C:\Users\Jacob\OneDrive\Personal Files\Development\Visual Studio\Haven AI\Source\src\Haven.Desktop\bin\x64\Release\net10.0-windows10.0.19041.0\espeak\espeak-ng-data\lang\urj\hu".
         Copying file from "C:\Users\Jacob\.nuget\packages\kokorosharp\0.6.7\content\espeak\espeak-ng-data\lang\urj\smj" to "C:\Users\Jacob\OneDrive\Personal Files\Development\Visual Studio\Haven AI\Source\src\Haven.Desktop\bin\x64\Release\net10.0-windows10.0.19041.0\espeak\espeak-ng-data\lang\urj\smj".
         Copying file from "C:\Users\Jacob\.nuget\packages\kokorosharp\0.6.7\content\espeak\espeak-ng-data\lang\zle\ru" to "C:\Users\Jacob\OneDrive\Personal Files\Development\Visual Studio\Haven AI\Source\src\Haven.Desktop\bin\x64\Release\net10.0-windows10.0.19041.0\espeak\espeak-ng-data\lang\zle\ru".
         Copying file from "C:\Users\Jacob\.nuget\packages\kokorosharp\0.6.7\content\espeak\espeak-ng-data\lang\zle\ru-cl" to "C:\Users\Jacob\OneDrive\Personal Files\Development\Visual Studio\Haven AI\Source\src\Haven.Desktop\bin\x64\Release\net10.0-windows10.0.19041.0\espeak\espeak-ng-data\lang\zle\ru-cl".
         Copying file from "C:\Users\Jacob\.nuget\packages\kokorosharp\0.6.7\content\espeak\espeak-ng-data\lang\zle\ru-LV" to "C:\Users\Jacob\OneDrive\Personal Files\Development\Visual Studio\Haven AI\Source\src\Haven.Desktop\bin\x64\Release\net10.0-windows10.0.19041.0\espeak\espeak-ng-data\lang\zle\ru-LV".
         Copying file from "C:\Users\Jacob\.nuget\packages\kokorosharp\0.6.7\content\espeak\espeak-ng-data\lang\zls\bg" to "C:\Users\Jacob\OneDrive\Personal Files\Development\Visual Studio\Haven AI\Source\src\Haven.Desktop\bin\x64\Release\net10.0-windows10.0.19041.0\espeak\espeak-ng-data\lang\zls\bg".
         Copying file from "C:\Users\Jacob\.nuget\packages\kokorosharp\0.6.7\content\espeak\espeak-ng-data\lang\zls\bs" to "C:\Users\Jacob\OneDrive\Personal Files\Development\Visual Studio\Haven AI\Source\src\Haven.Desktop\bin\x64\Release\net10.0-windows10.0.19041.0\espeak\espeak-ng-data\lang\zls\bs".
         Copying file from "C:\Users\Jacob\.nuget\packages\kokorosharp\0.6.7\content\espeak\espeak-ng-data\lang\zle\uk" to "C:\Users\Jacob\OneDrive\Personal Files\Development\Visual Studio\Haven AI\Source\src\Haven.Desktop\bin\x64\Release\net10.0-windows10.0.19041.0\espeak\espeak-ng-data\lang\zle\uk".
         Copying file from "C:\Users\Jacob\.nuget\packages\kokorosharp\0.6.7\content\espeak\espeak-ng-data\lang\zls\hr" to "C:\Users\Jacob\OneDrive\Personal Files\Development\Visual Studio\Haven AI\Source\src\Haven.Desktop\bin\x64\Release\net10.0-windows10.0.19041.0\espeak\espeak-ng-data\lang\zls\hr".
         Copying file from "C:\Users\Jacob\.nuget\packages\kokorosharp\0.6.7\content\espeak\espeak-ng-data\lang\zls\mk" to "C:\Users\Jacob\OneDrive\Personal Files\Development\Visual Studio\Haven AI\Source\src\Haven.Desktop\bin\x64\Release\net10.0-windows10.0.19041.0\espeak\espeak-ng-data\lang\zls\mk".
         Copying file from "C:\Users\Jacob\.nuget\packages\kokorosharp\0.6.7\content\espeak\espeak-ng-data\lang\zlw\cs" to "C:\Users\Jacob\OneDrive\Personal Files\Development\Visual Studio\Haven AI\Source\src\Haven.Desktop\bin\x64\Release\net10.0-windows10.0.19041.0\espeak\espeak-ng-data\lang\zlw\cs".
         Copying file from "C:\Users\Jacob\.nuget\packages\kokorosharp\0.6.7\content\espeak\espeak-ng-data\lang\zls\sl" to "C:\Users\Jacob\OneDrive\Personal Files\Development\Visual Studio\Haven AI\Source\src\Haven.Desktop\bin\x64\Release\net10.0-windows10.0.19041.0\espeak\espeak-ng-data\lang\zls\sl".
         Copying file from "C:\Users\Jacob\.nuget\packages\kokorosharp\0.6.7\content\espeak\espeak-ng-data\lang\zlw\pl" to "C:\Users\Jacob\OneDrive\Personal Files\Development\Visual Studio\Haven AI\Source\src\Haven.Desktop\bin\x64\Release\net10.0-windows10.0.19041.0\espeak\espeak-ng-data\lang\zlw\pl".
         Copying file from "C:\Users\Jacob\.nuget\packages\kokorosharp\0.6.7\content\espeak\espeak-ng-data\lang\zls\sr" to "C:\Users\Jacob\OneDrive\Personal Files\Development\Visual Studio\Haven AI\Source\src\Haven.Desktop\bin\x64\Release\net10.0-windows10.0.19041.0\espeak\espeak-ng-data\lang\zls\sr".
         Copying file from "C:\Users\Jacob\.nuget\packages\kokorosharp\0.6.7\content\espeak\espeak-ng-data\lang\zlw\sk" to "C:\Users\Jacob\OneDrive\Personal Files\Development\Visual Studio\Haven AI\Source\src\Haven.Desktop\bin\x64\Release\net10.0-windows10.0.19041.0\espeak\espeak-ng-data\lang\zlw\sk".
         Copying file from "C:\Users\Jacob\.nuget\packages\kokorosharp\0.6.7\content\espeak\espeak-ng-data\la_dict" to "C:\Users\Jacob\OneDrive\Personal Files\Development\Visual Studio\Haven AI\Source\src\Haven.Desktop\bin\x64\Release\net10.0-windows10.0.19041.0\espeak\espeak-ng-data\la_dict".
         Copying file from "C:\Users\Jacob\.nuget\packages\kokorosharp\0.6.7\content\espeak\espeak-ng-data\lb_dict" to "C:\Users\Jacob\OneDrive\Personal Files\Development\Visual Studio\Haven AI\Source\src\Haven.Desktop\bin\x64\Release\net10.0-windows10.0.19041.0\espeak\espeak-ng-data\lb_dict".
         Copying file from "C:\Users\Jacob\.nuget\packages\kokorosharp\0.6.7\content\espeak\espeak-ng-data\lfn_dict" to "C:\Users\Jacob\OneDrive\Personal Files\Development\Visual Studio\Haven AI\Source\src\Haven.Desktop\bin\x64\Release\net10.0-windows10.0.19041.0\espeak\espeak-ng-data\lfn_dict".
         Copying file from "C:\Users\Jacob\.nuget\packages\kokorosharp\0.6.7\content\espeak\espeak-ng-data\lt_dict" to "C:\Users\Jacob\OneDrive\Personal Files\Development\Visual Studio\Haven AI\Source\src\Haven.Desktop\bin\x64\Release\net10.0-windows10.0.19041.0\espeak\espeak-ng-data\lt_dict".
         Copying file from "C:\Users\Jacob\.nuget\packages\kokorosharp\0.6.7\content\espeak\espeak-ng-data\lv_dict" to "C:\Users\Jacob\OneDrive\Personal Files\Development\Visual Studio\Haven AI\Source\src\Haven.Desktop\bin\x64\Release\net10.0-windows10.0.19041.0\espeak\espeak-ng-data\lv_dict".
         Copying file from "C:\Users\Jacob\.nuget\packages\kokorosharp\0.6.7\content\espeak\espeak-ng-data\mi_dict" to "C:\Users\Jacob\OneDrive\Personal Files\Development\Visual Studio\Haven AI\Source\src\Haven.Desktop\bin\x64\Release\net10.0-windows10.0.19041.0\espeak\espeak-ng-data\mi_dict".
         Copying file from "C:\Users\Jacob\.nuget\packages\kokorosharp\0.6.7\content\espeak\espeak-ng-data\mk_dict" to "C:\Users\Jacob\OneDrive\Personal Files\Development\Visual Studio\Haven AI\Source\src\Haven.Desktop\bin\x64\Release\net10.0-windows10.0.19041.0\espeak\espeak-ng-data\mk_dict".
         Copying file from "C:\Users\Jacob\.nuget\packages\kokorosharp\0.6.7\content\espeak\espeak-ng-data\ml_dict" to "C:\Users\Jacob\OneDrive\Personal Files\Development\Visual Studio\Haven AI\Source\src\Haven.Desktop\bin\x64\Release\net10.0-windows10.0.19041.0\espeak\espeak-ng-data\ml_dict".
         Copying file from "C:\Users\Jacob\.nuget\packages\kokorosharp\0.6.7\content\espeak\espeak-ng-data\mr_dict" to "C:\Users\Jacob\OneDrive\Personal Files\Development\Visual Studio\Haven AI\Source\src\Haven.Desktop\bin\x64\Release\net10.0-windows10.0.19041.0\espeak\espeak-ng-data\mr_dict".
         Copying file from "C:\Users\Jacob\.nuget\packages\kokorosharp\0.6.7\content\espeak\espeak-ng-data\ms_dict" to "C:\Users\Jacob\OneDrive\Personal Files\Development\Visual Studio\Haven AI\Source\src\Haven.Desktop\bin\x64\Release\net10.0-windows10.0.19041.0\espeak\espeak-ng-data\ms_dict".
         Copying file from "C:\Users\Jacob\.nuget\packages\kokorosharp\0.6.7\content\espeak\espeak-ng-data\mto_dict" to "C:\Users\Jacob\OneDrive\Personal Files\Development\Visual Studio\Haven AI\Source\src\Haven.Desktop\bin\x64\Release\net10.0-windows10.0.19041.0\espeak\espeak-ng-data\mto_dict".
         Copying file from "C:\Users\Jacob\.nuget\packages\kokorosharp\0.6.7\content\espeak\espeak-ng-data\mt_dict" to "C:\Users\Jacob\OneDrive\Personal Files\Development\Visual Studio\Haven AI\Source\src\Haven.Desktop\bin\x64\Release\net10.0-windows10.0.19041.0\espeak\espeak-ng-data\mt_dict".
         Copying file from "C:\Users\Jacob\.nuget\packages\kokorosharp\0.6.7\content\espeak\espeak-ng-data\my_dict" to "C:\Users\Jacob\OneDrive\Personal Files\Development\Visual Studio\Haven AI\Source\src\Haven.Desktop\bin\x64\Release\net10.0-windows10.0.19041.0\espeak\espeak-ng-data\my_dict".
         Copying file from "C:\Users\Jacob\.nuget\packages\kokorosharp\0.6.7\content\espeak\espeak-ng-data\nci_dict" to "C:\Users\Jacob\OneDrive\Personal Files\Development\Visual Studio\Haven AI\Source\src\Haven.Desktop\bin\x64\Release\net10.0-windows10.0.19041.0\espeak\espeak-ng-data\nci_dict".
         Copying file from "C:\Users\Jacob\.nuget\packages\kokorosharp\0.6.7\content\espeak\espeak-ng-data\ne_dict" to "C:\Users\Jacob\OneDrive\Personal Files\Development\Visual Studio\Haven AI\Source\src\Haven.Desktop\bin\x64\Release\net10.0-windows10.0.19041.0\espeak\espeak-ng-data\ne_dict".
         Copying file from "C:\Users\Jacob\.nuget\packages\kokorosharp\0.6.7\content\espeak\espeak-ng-data\nl_dict" to "C:\Users\Jacob\OneDrive\Personal Files\Development\Visual Studio\Haven AI\Source\src\Haven.Desktop\bin\x64\Release\net10.0-windows10.0.19041.0\espeak\espeak-ng-data\nl_dict".
         Copying file from "C:\Users\Jacob\.nuget\packages\kokorosharp\0.6.7\content\espeak\espeak-ng-data\nog_dict" to "C:\Users\Jacob\OneDrive\Personal Files\Development\Visual Studio\Haven AI\Source\src\Haven.Desktop\bin\x64\Release\net10.0-windows10.0.19041.0\espeak\espeak-ng-data\nog_dict".
         Copying file from "C:\Users\Jacob\.nuget\packages\kokorosharp\0.6.7\content\espeak\espeak-ng-data\no_dict" to "C:\Users\Jacob\OneDrive\Personal Files\Development\Visual Studio\Haven AI\Source\src\Haven.Desktop\bin\x64\Release\net10.0-windows10.0.19041.0\espeak\espeak-ng-data\no_dict".
         Copying file from "C:\Users\Jacob\.nuget\packages\kokorosharp\0.6.7\content\espeak\espeak-ng-data\om_dict" to "C:\Users\Jacob\OneDrive\Personal Files\Development\Visual Studio\Haven AI\Source\src\Haven.Desktop\bin\x64\Release\net10.0-windows10.0.19041.0\espeak\espeak-ng-data\om_dict".
         Copying file from "C:\Users\Jacob\.nuget\packages\kokorosharp\0.6.7\content\espeak\espeak-ng-data\or_dict" to "C:\Users\Jacob\OneDrive\Personal Files\Development\Visual Studio\Haven AI\Source\src\Haven.Desktop\bin\x64\Release\net10.0-windows10.0.19041.0\espeak\espeak-ng-data\or_dict".
         Copying file from "C:\Users\Jacob\.nuget\packages\kokorosharp\0.6.7\content\espeak\espeak-ng-data\pap_dict" to "C:\Users\Jacob\OneDrive\Personal Files\Development\Visual Studio\Haven AI\Source\src\Haven.Desktop\bin\x64\Release\net10.0-windows10.0.19041.0\espeak\espeak-ng-data\pap_dict".
         Copying file from "C:\Users\Jacob\.nuget\packages\kokorosharp\0.6.7\content\espeak\espeak-ng-data\pa_dict" to "C:\Users\Jacob\OneDrive\Personal Files\Development\Visual Studio\Haven AI\Source\src\Haven.Desktop\bin\x64\Release\net10.0-windows10.0.19041.0\espeak\espeak-ng-data\pa_dict".
         Copying file from "C:\Users\Jacob\.nuget\packages\kokorosharp\0.6.7\content\espeak\espeak-ng-data\phondata" to "C:\Users\Jacob\OneDrive\Personal Files\Development\Visual Studio\Haven AI\Source\src\Haven.Desktop\bin\x64\Release\net10.0-windows10.0.19041.0\espeak\espeak-ng-data\phondata".
         Copying file from "C:\Users\Jacob\.nuget\packages\kokorosharp\0.6.7\content\espeak\espeak-ng-data\phondata-manifest" to "C:\Users\Jacob\OneDrive\Personal Files\Development\Visual Studio\Haven AI\Source\src\Haven.Desktop\bin\x64\Release\net10.0-windows10.0.19041.0\espeak\espeak-ng-data\phondata-manifest".
         Copying file from "C:\Users\Jacob\.nuget\packages\kokorosharp\0.6.7\content\espeak\espeak-ng-data\phonindex" to "C:\Users\Jacob\OneDrive\Personal Files\Development\Visual Studio\Haven AI\Source\src\Haven.Desktop\bin\x64\Release\net10.0-windows10.0.19041.0\espeak\espeak-ng-data\phonindex".
         Copying file from "C:\Users\Jacob\.nuget\packages\kokorosharp\0.6.7\content\espeak\espeak-ng-data\phontab" to "C:\Users\Jacob\OneDrive\Personal Files\Development\Visual Studio\Haven AI\Source\src\Haven.Desktop\bin\x64\Release\net10.0-windows10.0.19041.0\espeak\espeak-ng-data\phontab".
         Copying file from "C:\Users\Jacob\.nuget\packages\kokorosharp\0.6.7\content\espeak\espeak-ng-data\piqd_dict" to "C:\Users\Jacob\OneDrive\Personal Files\Development\Visual Studio\Haven AI\Source\src\Haven.Desktop\bin\x64\Release\net10.0-windows10.0.19041.0\espeak\espeak-ng-data\piqd_dict".
         Copying file from "C:\Users\Jacob\.nuget\packages\kokorosharp\0.6.7\content\espeak\espeak-ng-data\pl_dict" to "C:\Users\Jacob\OneDrive\Personal Files\Development\Visual Studio\Haven AI\Source\src\Haven.Desktop\bin\x64\Release\net10.0-windows10.0.19041.0\espeak\espeak-ng-data\pl_dict".
         Copying file from "C:\Users\Jacob\.nuget\packages\kokorosharp\0.6.7\content\espeak\espeak-ng-data\pt_dict" to "C:\Users\Jacob\OneDrive\Personal Files\Development\Visual Studio\Haven AI\Source\src\Haven.Desktop\bin\x64\Release\net10.0-windows10.0.19041.0\espeak\espeak-ng-data\pt_dict".
         Copying file from "C:\Users\Jacob\.nuget\packages\kokorosharp\0.6.7\content\espeak\espeak-ng-data\py_dict" to "C:\Users\Jacob\OneDrive\Personal Files\Development\Visual Studio\Haven AI\Source\src\Haven.Desktop\bin\x64\Release\net10.0-windows10.0.19041.0\espeak\espeak-ng-data\py_dict".
         Copying file from "C:\Users\Jacob\.nuget\packages\kokorosharp\0.6.7\content\espeak\espeak-ng-data\qdb_dict" to "C:\Users\Jacob\OneDrive\Personal Files\Development\Visual Studio\Haven AI\Source\src\Haven.Desktop\bin\x64\Release\net10.0-windows10.0.19041.0\espeak\espeak-ng-data\qdb_dict".
         Copying file from "C:\Users\Jacob\.nuget\packages\kokorosharp\0.6.7\content\espeak\espeak-ng-data\quc_dict" to "C:\Users\Jacob\OneDrive\Personal Files\Development\Visual Studio\Haven AI\Source\src\Haven.Desktop\bin\x64\Release\net10.0-windows10.0.19041.0\espeak\espeak-ng-data\quc_dict".
         Copying file from "C:\Users\Jacob\.nuget\packages\kokorosharp\0.6.7\content\espeak\espeak-ng-data\qu_dict" to "C:\Users\Jacob\OneDrive\Personal Files\Development\Visual Studio\Haven AI\Source\src\Haven.Desktop\bin\x64\Release\net10.0-windows10.0.19041.0\espeak\espeak-ng-data\qu_dict".
         Copying file from "C:\Users\Jacob\.nuget\packages\kokorosharp\0.6.7\content\espeak\espeak-ng-data\qya_dict" to "C:\Users\Jacob\OneDrive\Personal Files\Development\Visual Studio\Haven AI\Source\src\Haven.Desktop\bin\x64\Release\net10.0-windows10.0.19041.0\espeak\espeak-ng-data\qya_dict".
         Copying file from "C:\Users\Jacob\.nuget\packages\kokorosharp\0.6.7\content\espeak\espeak-ng-data\ro_dict" to "C:\Users\Jacob\OneDrive\Personal Files\Development\Visual Studio\Haven AI\Source\src\Haven.Desktop\bin\x64\Release\net10.0-windows10.0.19041.0\espeak\espeak-ng-data\ro_dict".
         Copying file from "C:\Users\Jacob\.nuget\packages\kokorosharp\0.6.7\content\espeak\espeak-ng-data\ru_dict" to "C:\Users\Jacob\OneDrive\Personal Files\Development\Visual Studio\Haven AI\Source\src\Haven.Desktop\bin\x64\Release\net10.0-windows10.0.19041.0\espeak\espeak-ng-data\ru_dict".
         Copying file from "C:\Users\Jacob\.nuget\packages\kokorosharp\0.6.7\content\espeak\espeak-ng-data\sd_dict" to "C:\Users\Jacob\OneDrive\Personal Files\Development\Visual Studio\Haven AI\Source\src\Haven.Desktop\bin\x64\Release\net10.0-windows10.0.19041.0\espeak\espeak-ng-data\sd_dict".
         Copying file from "C:\Users\Jacob\.nuget\packages\kokorosharp\0.6.7\content\espeak\espeak-ng-data\shn_dict" to "C:\Users\Jacob\OneDrive\Personal Files\Development\Visual Studio\Haven AI\Source\src\Haven.Desktop\bin\x64\Release\net10.0-windows10.0.19041.0\espeak\espeak-ng-data\shn_dict".
         Copying file from "C:\Users\Jacob\.nuget\packages\kokorosharp\0.6.7\content\espeak\espeak-ng-data\si_dict" to "C:\Users\Jacob\OneDrive\Personal Files\Development\Visual Studio\Haven AI\Source\src\Haven.Desktop\bin\x64\Release\net10.0-windows10.0.19041.0\espeak\espeak-ng-data\si_dict".
         Copying file from "C:\Users\Jacob\.nuget\packages\kokorosharp\0.6.7\content\espeak\espeak-ng-data\sjn_dict" to "C:\Users\Jacob\OneDrive\Personal Files\Development\Visual Studio\Haven AI\Source\src\Haven.Desktop\bin\x64\Release\net10.0-windows10.0.19041.0\espeak\espeak-ng-data\sjn_dict".
         Copying file from "C:\Users\Jacob\.nuget\packages\kokorosharp\0.6.7\content\espeak\espeak-ng-data\sk_dict" to "C:\Users\Jacob\OneDrive\Personal Files\Development\Visual Studio\Haven AI\Source\src\Haven.Desktop\bin\x64\Release\net10.0-windows10.0.19041.0\espeak\espeak-ng-data\sk_dict".
         Copying file from "C:\Users\Jacob\.nuget\packages\kokorosharp\0.6.7\content\espeak\espeak-ng-data\sl_dict" to "C:\Users\Jacob\OneDrive\Personal Files\Development\Visual Studio\Haven AI\Source\src\Haven.Desktop\bin\x64\Release\net10.0-windows10.0.19041.0\espeak\espeak-ng-data\sl_dict".
         Copying file from "C:\Users\Jacob\.nuget\packages\kokorosharp\0.6.7\content\espeak\espeak-ng-data\smj_dict" to "C:\Users\Jacob\OneDrive\Personal Files\Development\Visual Studio\Haven AI\Source\src\Haven.Desktop\bin\x64\Release\net10.0-windows10.0.19041.0\espeak\espeak-ng-data\smj_dict".
         Copying file from "C:\Users\Jacob\.nuget\packages\kokorosharp\0.6.7\content\espeak\espeak-ng-data\sq_dict" to "C:\Users\Jacob\OneDrive\Personal Files\Development\Visual Studio\Haven AI\Source\src\Haven.Desktop\bin\x64\Release\net10.0-windows10.0.19041.0\espeak\espeak-ng-data\sq_dict".
         Copying file from "C:\Users\Jacob\.nuget\packages\kokorosharp\0.6.7\content\espeak\espeak-ng-data\sr_dict" to "C:\Users\Jacob\OneDrive\Personal Files\Development\Visual Studio\Haven AI\Source\src\Haven.Desktop\bin\x64\Release\net10.0-windows10.0.19041.0\espeak\espeak-ng-data\sr_dict".
         Copying file from "C:\Users\Jacob\.nuget\packages\kokorosharp\0.6.7\content\espeak\espeak-ng-data\sv_dict" to "C:\Users\Jacob\OneDrive\Personal Files\Development\Visual Studio\Haven AI\Source\src\Haven.Desktop\bin\x64\Release\net10.0-windows10.0.19041.0\espeak\espeak-ng-data\sv_dict".
         Copying file from "C:\Users\Jacob\.nuget\packages\kokorosharp\0.6.7\content\espeak\espeak-ng-data\sw_dict" to "C:\Users\Jacob\OneDrive\Personal Files\Development\Visual Studio\Haven AI\Source\src\Haven.Desktop\bin\x64\Release\net10.0-windows10.0.19041.0\espeak\espeak-ng-data\sw_dict".
         Copying file from "C:\Users\Jacob\.nuget\packages\kokorosharp\0.6.7\content\espeak\espeak-ng-data\ta_dict" to "C:\Users\Jacob\OneDrive\Personal Files\Development\Visual Studio\Haven AI\Source\src\Haven.Desktop\bin\x64\Release\net10.0-windows10.0.19041.0\espeak\espeak-ng-data\ta_dict".
         Copying file from "C:\Users\Jacob\.nuget\packages\kokorosharp\0.6.7\content\espeak\espeak-ng-data\te_dict" to "C:\Users\Jacob\OneDrive\Personal Files\Development\Visual Studio\Haven AI\Source\src\Haven.Desktop\bin\x64\Release\net10.0-windows10.0.19041.0\espeak\espeak-ng-data\te_dict".
         Copying file from "C:\Users\Jacob\.nuget\packages\kokorosharp\0.6.7\content\espeak\espeak-ng-data\th_dict" to "C:\Users\Jacob\OneDrive\Personal Files\Development\Visual Studio\Haven AI\Source\src\Haven.Desktop\bin\x64\Release\net10.0-windows10.0.19041.0\espeak\espeak-ng-data\th_dict".
         Copying file from "C:\Users\Jacob\.nuget\packages\kokorosharp\0.6.7\content\espeak\espeak-ng-data\ti_dict" to "C:\Users\Jacob\OneDrive\Personal Files\Development\Visual Studio\Haven AI\Source\src\Haven.Desktop\bin\x64\Release\net10.0-windows10.0.19041.0\espeak\espeak-ng-data\ti_dict".
         Copying file from "C:\Users\Jacob\.nuget\packages\kokorosharp\0.6.7\content\espeak\espeak-ng-data\tk_dict" to "C:\Users\Jacob\OneDrive\Personal Files\Development\Visual Studio\Haven AI\Source\src\Haven.Desktop\bin\x64\Release\net10.0-windows10.0.19041.0\espeak\espeak-ng-data\tk_dict".
         Copying file from "C:\Users\Jacob\.nuget\packages\kokorosharp\0.6.7\content\espeak\espeak-ng-data\tn_dict" to "C:\Users\Jacob\OneDrive\Personal Files\Development\Visual Studio\Haven AI\Source\src\Haven.Desktop\bin\x64\Release\net10.0-windows10.0.19041.0\espeak\espeak-ng-data\tn_dict".
         Copying file from "C:\Users\Jacob\.nuget\packages\kokorosharp\0.6.7\content\espeak\espeak-ng-data\tr_dict" to "C:\Users\Jacob\OneDrive\Personal Files\Development\Visual Studio\Haven AI\Source\src\Haven.Desktop\bin\x64\Release\net10.0-windows10.0.19041.0\espeak\espeak-ng-data\tr_dict".
         Copying file from "C:\Users\Jacob\.nuget\packages\kokorosharp\0.6.7\content\espeak\espeak-ng-data\tt_dict" to "C:\Users\Jacob\OneDrive\Personal Files\Development\Visual Studio\Haven AI\Source\src\Haven.Desktop\bin\x64\Release\net10.0-windows10.0.19041.0\espeak\espeak-ng-data\tt_dict".
         Copying file from "C:\Users\Jacob\.nuget\packages\kokorosharp\0.6.7\content\espeak\espeak-ng-data\ug_dict" to "C:\Users\Jacob\OneDrive\Personal Files\Development\Visual Studio\Haven AI\Source\src\Haven.Desktop\bin\x64\Release\net10.0-windows10.0.19041.0\espeak\espeak-ng-data\ug_dict".
         Copying file from "C:\Users\Jacob\.nuget\packages\kokorosharp\0.6.7\content\espeak\espeak-ng-data\uk_dict" to "C:\Users\Jacob\OneDrive\Personal Files\Development\Visual Studio\Haven AI\Source\src\Haven.Desktop\bin\x64\Release\net10.0-windows10.0.19041.0\espeak\espeak-ng-data\uk_dict".
         Copying file from "C:\Users\Jacob\.nuget\packages\kokorosharp\0.6.7\content\espeak\espeak-ng-data\ur_dict" to "C:\Users\Jacob\OneDrive\Personal Files\Development\Visual Studio\Haven AI\Source\src\Haven.Desktop\bin\x64\Release\net10.0-windows10.0.19041.0\espeak\espeak-ng-data\ur_dict".
         Copying file from "C:\Users\Jacob\.nuget\packages\kokorosharp\0.6.7\content\espeak\espeak-ng-data\uz_dict" to "C:\Users\Jacob\OneDrive\Personal Files\Development\Visual Studio\Haven AI\Source\src\Haven.Desktop\bin\x64\Release\net10.0-windows10.0.19041.0\espeak\espeak-ng-data\uz_dict".
         Copying file from "C:\Users\Jacob\.nuget\packages\kokorosharp\0.6.7\content\espeak\espeak-ng-data\voices\!v\adam" to "C:\Users\Jacob\OneDrive\Personal Files\Development\Visual Studio\Haven AI\Source\src\Haven.Desktop\bin\x64\Release\net10.0-windows10.0.19041.0\espeak\espeak-ng-data\voices\!v\adam".
         Copying file from "C:\Users\Jacob\.nuget\packages\kokorosharp\0.6.7\content\espeak\espeak-ng-data\voices\!v\Alex" to "C:\Users\Jacob\OneDrive\Personal Files\Development\Visual Studio\Haven AI\Source\src\Haven.Desktop\bin\x64\Release\net10.0-windows10.0.19041.0\espeak\espeak-ng-data\voices\!v\Alex".
         Copying file from "C:\Users\Jacob\.nuget\packages\kokorosharp\0.6.7\content\espeak\espeak-ng-data\vi_dict" to "C:\Users\Jacob\OneDrive\Personal Files\Development\Visual Studio\Haven AI\Source\src\Haven.Desktop\bin\x64\Release\net10.0-windows10.0.19041.0\espeak\espeak-ng-data\vi_dict".
         Copying file from "C:\Users\Jacob\.nuget\packages\kokorosharp\0.6.7\content\espeak\espeak-ng-data\voices\!v\Alicia" to "C:\Users\Jacob\OneDrive\Personal Files\Development\Visual Studio\Haven AI\Source\src\Haven.Desktop\bin\x64\Release\net10.0-windows10.0.19041.0\espeak\espeak-ng-data\voices\!v\Alicia".
         Copying file from "C:\Users\Jacob\.nuget\packages\kokorosharp\0.6.7\content\espeak\espeak-ng-data\voices\!v\Andrea" to "C:\Users\Jacob\OneDrive\Personal Files\Development\Visual Studio\Haven AI\Source\src\Haven.Desktop\bin\x64\Release\net10.0-windows10.0.19041.0\espeak\espeak-ng-data\voices\!v\Andrea".
         Copying file from "C:\Users\Jacob\.nuget\packages\kokorosharp\0.6.7\content\espeak\espeak-ng-data\voices\!v\Andy" to "C:\Users\Jacob\OneDrive\Personal Files\Development\Visual Studio\Haven AI\Source\src\Haven.Desktop\bin\x64\Release\net10.0-windows10.0.19041.0\espeak\espeak-ng-data\voices\!v\Andy".
         Copying file from "C:\Users\Jacob\.nuget\packages\kokorosharp\0.6.7\content\espeak\espeak-ng-data\voices\!v\anika" to "C:\Users\Jacob\OneDrive\Personal Files\Development\Visual Studio\Haven AI\Source\src\Haven.Desktop\bin\x64\Release\net10.0-windows10.0.19041.0\espeak\espeak-ng-data\voices\!v\anika".
         Copying file from "C:\Users\Jacob\.nuget\packages\kokorosharp\0.6.7\content\espeak\espeak-ng-data\voices\!v\anikaRobot" to "C:\Users\Jacob\OneDrive\Personal Files\Development\Visual Studio\Haven AI\Source\src\Haven.Desktop\bin\x64\Release\net10.0-windows10.0.19041.0\espeak\espeak-ng-data\voices\!v\anikaRobot".
         Copying file from "C:\Users\Jacob\.nuget\packages\kokorosharp\0.6.7\content\espeak\espeak-ng-data\voices\!v\Annie" to "C:\Users\Jacob\OneDrive\Personal Files\Development\Visual Studio\Haven AI\Source\src\Haven.Desktop\bin\x64\Release\net10.0-windows10.0.19041.0\espeak\espeak-ng-data\voices\!v\Annie".
         Copying file from "C:\Users\Jacob\.nuget\packages\kokorosharp\0.6.7\content\espeak\espeak-ng-data\voices\!v\announcer" to "C:\Users\Jacob\OneDrive\Personal Files\Development\Visual Studio\Haven AI\Source\src\Haven.Desktop\bin\x64\Release\net10.0-windows10.0.19041.0\espeak\espeak-ng-data\voices\!v\announcer".
         Copying file from "C:\Users\Jacob\.nuget\packages\kokorosharp\0.6.7\content\espeak\espeak-ng-data\voices\!v\antonio" to "C:\Users\Jacob\OneDrive\Personal Files\Development\Visual Studio\Haven AI\Source\src\Haven.Desktop\bin\x64\Release\net10.0-windows10.0.19041.0\espeak\espeak-ng-data\voices\!v\antonio".
         Copying file from "C:\Users\Jacob\.nuget\packages\kokorosharp\0.6.7\content\espeak\espeak-ng-data\voices\!v\AnxiousAndy" to "C:\Users\Jacob\OneDrive\Personal Files\Development\Visual Studio\Haven AI\Source\src\Haven.Desktop\bin\x64\Release\net10.0-windows10.0.19041.0\espeak\espeak-ng-data\voices\!v\AnxiousAndy".
         Copying file from "C:\Users\Jacob\.nuget\packages\kokorosharp\0.6.7\content\espeak\espeak-ng-data\voices\!v\aunty" to "C:\Users\Jacob\OneDrive\Personal Files\Development\Visual Studio\Haven AI\Source\src\Haven.Desktop\bin\x64\Release\net10.0-windows10.0.19041.0\espeak\espeak-ng-data\voices\!v\aunty".
         Copying file from "C:\Users\Jacob\.nuget\packages\kokorosharp\0.6.7\content\espeak\espeak-ng-data\voices\!v\belinda" to "C:\Users\Jacob\OneDrive\Personal Files\Development\Visual Studio\Haven AI\Source\src\Haven.Desktop\bin\x64\Release\net10.0-windows10.0.19041.0\espeak\espeak-ng-data\voices\!v\belinda".
         Copying file from "C:\Users\Jacob\.nuget\packages\kokorosharp\0.6.7\content\espeak\espeak-ng-data\voices\!v\benjamin" to "C:\Users\Jacob\OneDrive\Personal Files\Development\Visual Studio\Haven AI\Source\src\Haven.Desktop\bin\x64\Release\net10.0-windows10.0.19041.0\espeak\espeak-ng-data\voices\!v\benjamin".
         Copying file from "C:\Users\Jacob\.nuget\packages\kokorosharp\0.6.7\content\espeak\espeak-ng-data\voices\!v\boris" to "C:\Users\Jacob\OneDrive\Personal Files\Development\Visual Studio\Haven AI\Source\src\Haven.Desktop\bin\x64\Release\net10.0-windows10.0.19041.0\espeak\espeak-ng-data\voices\!v\boris".
         Copying file from "C:\Users\Jacob\.nuget\packages\kokorosharp\0.6.7\content\espeak\espeak-ng-data\voices\!v\caleb" to "C:\Users\Jacob\OneDrive\Personal Files\Development\Visual Studio\Haven AI\Source\src\Haven.Desktop\bin\x64\Release\net10.0-windows10.0.19041.0\espeak\espeak-ng-data\voices\!v\caleb".
         Copying file from "C:\Users\Jacob\.nuget\packages\kokorosharp\0.6.7\content\espeak\espeak-ng-data\voices\!v\croak" to "C:\Users\Jacob\OneDrive\Personal Files\Development\Visual Studio\Haven AI\Source\src\Haven.Desktop\bin\x64\Release\net10.0-windows10.0.19041.0\espeak\espeak-ng-data\voices\!v\croak".
         Copying file from "C:\Users\Jacob\.nuget\packages\kokorosharp\0.6.7\content\espeak\espeak-ng-data\voices\!v\david" to "C:\Users\Jacob\OneDrive\Personal Files\Development\Visual Studio\Haven AI\Source\src\Haven.Desktop\bin\x64\Release\net10.0-windows10.0.19041.0\espeak\espeak-ng-data\voices\!v\david".
         Copying file from "C:\Users\Jacob\.nuget\packages\kokorosharp\0.6.7\content\espeak\espeak-ng-data\voices\!v\Demonic" to "C:\Users\Jacob\OneDrive\Personal Files\Development\Visual Studio\Haven AI\Source\src\Haven.Desktop\bin\x64\Release\net10.0-windows10.0.19041.0\espeak\espeak-ng-data\voices\!v\Demonic".
         Copying file from "C:\Users\Jacob\.nuget\packages\kokorosharp\0.6.7\content\espeak\espeak-ng-data\voices\!v\Denis" to "C:\Users\Jacob\OneDrive\Personal Files\Development\Visual Studio\Haven AI\Source\src\Haven.Desktop\bin\x64\Release\net10.0-windows10.0.19041.0\espeak\espeak-ng-data\voices\!v\Denis".
         Copying file from "C:\Users\Jacob\.nuget\packages\kokorosharp\0.6.7\content\espeak\espeak-ng-data\voices\!v\Diogo" to "C:\Users\Jacob\OneDrive\Personal Files\Development\Visual Studio\Haven AI\Source\src\Haven.Desktop\bin\x64\Release\net10.0-windows10.0.19041.0\espeak\espeak-ng-data\voices\!v\Diogo".
         Copying file from "C:\Users\Jacob\.nuget\packages\kokorosharp\0.6.7\content\espeak\espeak-ng-data\voices\!v\ed" to "C:\Users\Jacob\OneDrive\Personal Files\Development\Visual Studio\Haven AI\Source\src\Haven.Desktop\bin\x64\Release\net10.0-windows10.0.19041.0\espeak\espeak-ng-data\voices\!v\ed".
         Copying file from "C:\Users\Jacob\.nuget\packages\kokorosharp\0.6.7\content\espeak\espeak-ng-data\voices\!v\edward" to "C:\Users\Jacob\OneDrive\Personal Files\Development\Visual Studio\Haven AI\Source\src\Haven.Desktop\bin\x64\Release\net10.0-windows10.0.19041.0\espeak\espeak-ng-data\voices\!v\edward".
         Copying file from "C:\Users\Jacob\.nuget\packages\kokorosharp\0.6.7\content\espeak\espeak-ng-data\voices\!v\edward2" to "C:\Users\Jacob\OneDrive\Personal Files\Development\Visual Studio\Haven AI\Source\src\Haven.Desktop\bin\x64\Release\net10.0-windows10.0.19041.0\espeak\espeak-ng-data\voices\!v\edward2".
         Copying file from "C:\Users\Jacob\.nuget\packages\kokorosharp\0.6.7\content\espeak\espeak-ng-data\voices\!v\f1" to "C:\Users\Jacob\OneDrive\Personal Files\Development\Visual Studio\Haven AI\Source\src\Haven.Desktop\bin\x64\Release\net10.0-windows10.0.19041.0\espeak\espeak-ng-data\voices\!v\f1".
         Copying file from "C:\Users\Jacob\.nuget\packages\kokorosharp\0.6.7\content\espeak\espeak-ng-data\voices\!v\f2" to "C:\Users\Jacob\OneDrive\Personal Files\Development\Visual Studio\Haven AI\Source\src\Haven.Desktop\bin\x64\Release\net10.0-windows10.0.19041.0\espeak\espeak-ng-data\voices\!v\f2".
         Copying file from "C:\Users\Jacob\.nuget\packages\kokorosharp\0.6.7\content\espeak\espeak-ng-data\voices\!v\f3" to "C:\Users\Jacob\OneDrive\Personal Files\Development\Visual Studio\Haven AI\Source\src\Haven.Desktop\bin\x64\Release\net10.0-windows10.0.19041.0\espeak\espeak-ng-data\voices\!v\f3".
         Copying file from "C:\Users\Jacob\.nuget\packages\kokorosharp\0.6.7\content\espeak\espeak-ng-data\voices\!v\f4" to "C:\Users\Jacob\OneDrive\Personal Files\Development\Visual Studio\Haven AI\Source\src\Haven.Desktop\bin\x64\Release\net10.0-windows10.0.19041.0\espeak\espeak-ng-data\voices\!v\f4".
         Copying file from "C:\Users\Jacob\.nuget\packages\kokorosharp\0.6.7\content\espeak\espeak-ng-data\voices\!v\f5" to "C:\Users\Jacob\OneDrive\Personal Files\Development\Visual Studio\Haven AI\Source\src\Haven.Desktop\bin\x64\Release\net10.0-windows10.0.19041.0\espeak\espeak-ng-data\voices\!v\f5".
         Copying file from "C:\Users\Jacob\.nuget\packages\kokorosharp\0.6.7\content\espeak\espeak-ng-data\voices\!v\fast" to "C:\Users\Jacob\OneDrive\Personal Files\Development\Visual Studio\Haven AI\Source\src\Haven.Desktop\bin\x64\Release\net10.0-windows10.0.19041.0\espeak\espeak-ng-data\voices\!v\fast".
         Copying file from "C:\Users\Jacob\.nuget\packages\kokorosharp\0.6.7\content\espeak\espeak-ng-data\voices\!v\Gene" to "C:\Users\Jacob\OneDrive\Personal Files\Development\Visual Studio\Haven AI\Source\src\Haven.Desktop\bin\x64\Release\net10.0-windows10.0.19041.0\espeak\espeak-ng-data\voices\!v\Gene".
         Copying file from "C:\Users\Jacob\.nuget\packages\kokorosharp\0.6.7\content\espeak\espeak-ng-data\voices\!v\Gene2" to "C:\Users\Jacob\OneDrive\Personal Files\Development\Visual Studio\Haven AI\Source\src\Haven.Desktop\bin\x64\Release\net10.0-windows10.0.19041.0\espeak\espeak-ng-data\voices\!v\Gene2".
         Copying file from "C:\Users\Jacob\.nuget\packages\kokorosharp\0.6.7\content\espeak\espeak-ng-data\voices\!v\grandma" to "C:\Users\Jacob\OneDrive\Personal Files\Development\Visual Studio\Haven AI\Source\src\Haven.Desktop\bin\x64\Release\net10.0-windows10.0.19041.0\espeak\espeak-ng-data\voices\!v\grandma".
         Copying file from "C:\Users\Jacob\.nuget\packages\kokorosharp\0.6.7\content\espeak\espeak-ng-data\voices\!v\grandpa" to "C:\Users\Jacob\OneDrive\Personal Files\Development\Visual Studio\Haven AI\Source\src\Haven.Desktop\bin\x64\Release\net10.0-windows10.0.19041.0\espeak\espeak-ng-data\voices\!v\grandpa".
         Copying file from "C:\Users\Jacob\.nuget\packages\kokorosharp\0.6.7\content\espeak\espeak-ng-data\voices\!v\gustave" to "C:\Users\Jacob\OneDrive\Personal Files\Development\Visual Studio\Haven AI\Source\src\Haven.Desktop\bin\x64\Release\net10.0-windows10.0.19041.0\espeak\espeak-ng-data\voices\!v\gustave".
         Copying file from "C:\Users\Jacob\.nuget\packages\kokorosharp\0.6.7\content\espeak\espeak-ng-data\voices\!v\Henrique" to "C:\Users\Jacob\OneDrive\Personal Files\Development\Visual Studio\Haven AI\Source\src\Haven.Desktop\bin\x64\Release\net10.0-windows10.0.19041.0\espeak\espeak-ng-data\voices\!v\Henrique".
         Copying file from "C:\Users\Jacob\.nuget\packages\kokorosharp\0.6.7\content\espeak\espeak-ng-data\voices\!v\Hugo" to "C:\Users\Jacob\OneDrive\Personal Files\Development\Visual Studio\Haven AI\Source\src\Haven.Desktop\bin\x64\Release\net10.0-windows10.0.19041.0\espeak\espeak-ng-data\voices\!v\Hugo".
         Copying file from "C:\Users\Jacob\.nuget\packages\kokorosharp\0.6.7\content\espeak\espeak-ng-data\voices\!v\ian" to "C:\Users\Jacob\OneDrive\Personal Files\Development\Visual Studio\Haven AI\Source\src\Haven.Desktop\bin\x64\Release\net10.0-windows10.0.19041.0\espeak\espeak-ng-data\voices\!v\ian".
         Copying file from "C:\Users\Jacob\.nuget\packages\kokorosharp\0.6.7\content\espeak\espeak-ng-data\voices\!v\iven" to "C:\Users\Jacob\OneDrive\Personal Files\Development\Visual Studio\Haven AI\Source\src\Haven.Desktop\bin\x64\Release\net10.0-windows10.0.19041.0\espeak\espeak-ng-data\voices\!v\iven".
         Copying file from "C:\Users\Jacob\.nuget\packages\kokorosharp\0.6.7\content\espeak\espeak-ng-data\voices\!v\iven2" to "C:\Users\Jacob\OneDrive\Personal Files\Development\Visual Studio\Haven AI\Source\src\Haven.Desktop\bin\x64\Release\net10.0-windows10.0.19041.0\espeak\espeak-ng-data\voices\!v\iven2".
         Copying file from "C:\Users\Jacob\.nuget\packages\kokorosharp\0.6.7\content\espeak\espeak-ng-data\voices\!v\iven3" to "C:\Users\Jacob\OneDrive\Personal Files\Development\Visual Studio\Haven AI\Source\src\Haven.Desktop\bin\x64\Release\net10.0-windows10.0.19041.0\espeak\espeak-ng-data\voices\!v\iven3".
         Copying file from "C:\Users\Jacob\.nuget\packages\kokorosharp\0.6.7\content\espeak\espeak-ng-data\voices\!v\iven4" to "C:\Users\Jacob\OneDrive\Personal Files\Development\Visual Studio\Haven AI\Source\src\Haven.Desktop\bin\x64\Release\net10.0-windows10.0.19041.0\espeak\espeak-ng-data\voices\!v\iven4".
         Copying file from "C:\Users\Jacob\.nuget\packages\kokorosharp\0.6.7\content\espeak\espeak-ng-data\voices\!v\Jacky" to "C:\Users\Jacob\OneDrive\Personal Files\Development\Visual Studio\Haven AI\Source\src\Haven.Desktop\bin\x64\Release\net10.0-windows10.0.19041.0\espeak\espeak-ng-data\voices\!v\Jacky".
         Copying file from "C:\Users\Jacob\.nuget\packages\kokorosharp\0.6.7\content\espeak\espeak-ng-data\voices\!v\john" to "C:\Users\Jacob\OneDrive\Personal Files\Development\Visual Studio\Haven AI\Source\src\Haven.Desktop\bin\x64\Release\net10.0-windows10.0.19041.0\espeak\espeak-ng-data\voices\!v\john".
         Copying file from "C:\Users\Jacob\.nuget\packages\kokorosharp\0.6.7\content\espeak\espeak-ng-data\voices\!v\kaukovalta" to "C:\Users\Jacob\OneDrive\Personal Files\Development\Visual Studio\Haven AI\Source\src\Haven.Desktop\bin\x64\Release\net10.0-windows10.0.19041.0\espeak\espeak-ng-data\voices\!v\kaukovalta".
         Copying file from "C:\Users\Jacob\.nuget\packages\kokorosharp\0.6.7\content\espeak\espeak-ng-data\voices\!v\klatt" to "C:\Users\Jacob\OneDrive\Personal Files\Development\Visual Studio\Haven AI\Source\src\Haven.Desktop\bin\x64\Release\net10.0-windows10.0.19041.0\espeak\espeak-ng-data\voices\!v\klatt".
         Copying file from "C:\Users\Jacob\.nuget\packages\kokorosharp\0.6.7\content\espeak\espeak-ng-data\voices\!v\klatt2" to "C:\Users\Jacob\OneDrive\Personal Files\Development\Visual Studio\Haven AI\Source\src\Haven.Desktop\bin\x64\Release\net10.0-windows10.0.19041.0\espeak\espeak-ng-data\voices\!v\klatt2".
         Copying file from "C:\Users\Jacob\.nuget\packages\kokorosharp\0.6.7\content\espeak\espeak-ng-data\voices\!v\klatt3" to "C:\Users\Jacob\OneDrive\Personal Files\Development\Visual Studio\Haven AI\Source\src\Haven.Desktop\bin\x64\Release\net10.0-windows10.0.19041.0\espeak\espeak-ng-data\voices\!v\klatt3".
         Copying file from "C:\Users\Jacob\.nuget\packages\kokorosharp\0.6.7\content\espeak\espeak-ng-data\voices\!v\klatt5" to "C:\Users\Jacob\OneDrive\Personal Files\Development\Visual Studio\Haven AI\Source\src\Haven.Desktop\bin\x64\Release\net10.0-windows10.0.19041.0\espeak\espeak-ng-data\voices\!v\klatt5".
         Copying file from "C:\Users\Jacob\.nuget\packages\kokorosharp\0.6.7\content\espeak\espeak-ng-data\voices\!v\klatt4" to "C:\Users\Jacob\OneDrive\Personal Files\Development\Visual Studio\Haven AI\Source\src\Haven.Desktop\bin\x64\Release\net10.0-windows10.0.19041.0\espeak\espeak-ng-data\voices\!v\klatt4".
         Copying file from "C:\Users\Jacob\.nuget\packages\kokorosharp\0.6.7\content\espeak\espeak-ng-data\voices\!v\klatt6" to "C:\Users\Jacob\OneDrive\Personal Files\Development\Visual Studio\Haven AI\Source\src\Haven.Desktop\bin\x64\Release\net10.0-windows10.0.19041.0\espeak\espeak-ng-data\voices\!v\klatt6".
         Copying file from "C:\Users\Jacob\.nuget\packages\kokorosharp\0.6.7\content\espeak\espeak-ng-data\voices\!v\Lee" to "C:\Users\Jacob\OneDrive\Personal Files\Development\Visual Studio\Haven AI\Source\src\Haven.Desktop\bin\x64\Release\net10.0-windows10.0.19041.0\espeak\espeak-ng-data\voices\!v\Lee".
         Copying file from "C:\Users\Jacob\.nuget\packages\kokorosharp\0.6.7\content\espeak\espeak-ng-data\voices\!v\linda" to "C:\Users\Jacob\OneDrive\Personal Files\Development\Visual Studio\Haven AI\Source\src\Haven.Desktop\bin\x64\Release\net10.0-windows10.0.19041.0\espeak\espeak-ng-data\voices\!v\linda".
         Copying file from "C:\Users\Jacob\.nuget\packages\kokorosharp\0.6.7\content\espeak\espeak-ng-data\voices\!v\m1" to "C:\Users\Jacob\OneDrive\Personal Files\Development\Visual Studio\Haven AI\Source\src\Haven.Desktop\bin\x64\Release\net10.0-windows10.0.19041.0\espeak\espeak-ng-data\voices\!v\m1".
         Copying file from "C:\Users\Jacob\.nuget\packages\kokorosharp\0.6.7\content\espeak\espeak-ng-data\voices\!v\m2" to "C:\Users\Jacob\OneDrive\Personal Files\Development\Visual Studio\Haven AI\Source\src\Haven.Desktop\bin\x64\Release\net10.0-windows10.0.19041.0\espeak\espeak-ng-data\voices\!v\m2".
         Copying file from "C:\Users\Jacob\.nuget\packages\kokorosharp\0.6.7\content\espeak\espeak-ng-data\voices\!v\m3" to "C:\Users\Jacob\OneDrive\Personal Files\Development\Visual Studio\Haven AI\Source\src\Haven.Desktop\bin\x64\Release\net10.0-windows10.0.19041.0\espeak\espeak-ng-data\voices\!v\m3".
         Copying file from "C:\Users\Jacob\.nuget\packages\kokorosharp\0.6.7\content\espeak\espeak-ng-data\voices\!v\m4" to "C:\Users\Jacob\OneDrive\Personal Files\Development\Visual Studio\Haven AI\Source\src\Haven.Desktop\bin\x64\Release\net10.0-windows10.0.19041.0\espeak\espeak-ng-data\voices\!v\m4".
         Copying file from "C:\Users\Jacob\.nuget\packages\kokorosharp\0.6.7\content\espeak\espeak-ng-data\voices\!v\m5" to "C:\Users\Jacob\OneDrive\Personal Files\Development\Visual Studio\Haven AI\Source\src\Haven.Desktop\bin\x64\Release\net10.0-windows10.0.19041.0\espeak\espeak-ng-data\voices\!v\m5".
         Copying file from "C:\Users\Jacob\.nuget\packages\kokorosharp\0.6.7\content\espeak\espeak-ng-data\voices\!v\m6" to "C:\Users\Jacob\OneDrive\Personal Files\Development\Visual Studio\Haven AI\Source\src\Haven.Desktop\bin\x64\Release\net10.0-windows10.0.19041.0\espeak\espeak-ng-data\voices\!v\m6".
         Copying file from "C:\Users\Jacob\.nuget\packages\kokorosharp\0.6.7\content\espeak\espeak-ng-data\voices\!v\m7" to "C:\Users\Jacob\OneDrive\Personal Files\Development\Visual Studio\Haven AI\Source\src\Haven.Desktop\bin\x64\Release\net10.0-windows10.0.19041.0\espeak\espeak-ng-data\voices\!v\m7".
         Copying file from "C:\Users\Jacob\.nuget\packages\kokorosharp\0.6.7\content\espeak\espeak-ng-data\voices\!v\m8" to "C:\Users\Jacob\OneDrive\Personal Files\Development\Visual Studio\Haven AI\Source\src\Haven.Desktop\bin\x64\Release\net10.0-windows10.0.19041.0\espeak\espeak-ng-data\voices\!v\m8".
         Copying file from "C:\Users\Jacob\.nuget\packages\kokorosharp\0.6.7\content\espeak\espeak-ng-data\voices\!v\marcelo" to "C:\Users\Jacob\OneDrive\Personal Files\Development\Visual Studio\Haven AI\Source\src\Haven.Desktop\bin\x64\Release\net10.0-windows10.0.19041.0\espeak\espeak-ng-data\voices\!v\marcelo".
         Copying file from "C:\Users\Jacob\.nuget\packages\kokorosharp\0.6.7\content\espeak\espeak-ng-data\voices\!v\Marco" to "C:\Users\Jacob\OneDrive\Personal Files\Development\Visual Studio\Haven AI\Source\src\Haven.Desktop\bin\x64\Release\net10.0-windows10.0.19041.0\espeak\espeak-ng-data\voices\!v\Marco".
         Copying file from "C:\Users\Jacob\.nuget\packages\kokorosharp\0.6.7\content\espeak\espeak-ng-data\voices\!v\Mario" to "C:\Users\Jacob\OneDrive\Personal Files\Development\Visual Studio\Haven AI\Source\src\Haven.Desktop\bin\x64\Release\net10.0-windows10.0.19041.0\espeak\espeak-ng-data\voices\!v\Mario".
         Copying file from "C:\Users\Jacob\.nuget\packages\kokorosharp\0.6.7\content\espeak\espeak-ng-data\voices\!v\max" to "C:\Users\Jacob\OneDrive\Personal Files\Development\Visual Studio\Haven AI\Source\src\Haven.Desktop\bin\x64\Release\net10.0-windows10.0.19041.0\espeak\espeak-ng-data\voices\!v\max".
         Copying file from "C:\Users\Jacob\.nuget\packages\kokorosharp\0.6.7\content\espeak\espeak-ng-data\voices\!v\Michael" to "C:\Users\Jacob\OneDrive\Personal Files\Development\Visual Studio\Haven AI\Source\src\Haven.Desktop\bin\x64\Release\net10.0-windows10.0.19041.0\espeak\espeak-ng-data\voices\!v\Michael".
         Copying file from "C:\Users\Jacob\.nuget\packages\kokorosharp\0.6.7\content\espeak\espeak-ng-data\voices\!v\michel" to "C:\Users\Jacob\OneDrive\Personal Files\Development\Visual Studio\Haven AI\Source\src\Haven.Desktop\bin\x64\Release\net10.0-windows10.0.19041.0\espeak\espeak-ng-data\voices\!v\michel".
         Copying file from "C:\Users\Jacob\.nuget\packages\kokorosharp\0.6.7\content\espeak\espeak-ng-data\voices\!v\miguel" to "C:\Users\Jacob\OneDrive\Personal Files\Development\Visual Studio\Haven AI\Source\src\Haven.Desktop\bin\x64\Release\net10.0-windows10.0.19041.0\espeak\espeak-ng-data\voices\!v\miguel".
         Copying file from "C:\Users\Jacob\.nuget\packages\kokorosharp\0.6.7\content\espeak\espeak-ng-data\voices\!v\Mike" to "C:\Users\Jacob\OneDrive\Personal Files\Development\Visual Studio\Haven AI\Source\src\Haven.Desktop\bin\x64\Release\net10.0-windows10.0.19041.0\espeak\espeak-ng-data\voices\!v\Mike".
         Copying file from "C:\Users\Jacob\.nuget\packages\kokorosharp\0.6.7\content\espeak\espeak-ng-data\voices\!v\mike2" to "C:\Users\Jacob\OneDrive\Personal Files\Development\Visual Studio\Haven AI\Source\src\Haven.Desktop\bin\x64\Release\net10.0-windows10.0.19041.0\espeak\espeak-ng-data\voices\!v\mike2".
         Copying file from "C:\Users\Jacob\.nuget\packages\kokorosharp\0.6.7\content\espeak\espeak-ng-data\voices\!v\Mr serious" to "C:\Users\Jacob\OneDrive\Personal Files\Development\Visual Studio\Haven AI\Source\src\Haven.Desktop\bin\x64\Release\net10.0-windows10.0.19041.0\espeak\espeak-ng-data\voices\!v\Mr serious".
         Copying file from "C:\Users\Jacob\.nuget\packages\kokorosharp\0.6.7\content\espeak\espeak-ng-data\voices\!v\Nguyen" to "C:\Users\Jacob\OneDrive\Personal Files\Development\Visual Studio\Haven AI\Source\src\Haven.Desktop\bin\x64\Release\net10.0-windows10.0.19041.0\espeak\espeak-ng-data\voices\!v\Nguyen".
         Copying file from "C:\Users\Jacob\.nuget\packages\kokorosharp\0.6.7\content\espeak\espeak-ng-data\voices\!v\norbert" to "C:\Users\Jacob\OneDrive\Personal Files\Development\Visual Studio\Haven AI\Source\src\Haven.Desktop\bin\x64\Release\net10.0-windows10.0.19041.0\espeak\espeak-ng-data\voices\!v\norbert".
         Copying file from "C:\Users\Jacob\.nuget\packages\kokorosharp\0.6.7\content\espeak\espeak-ng-data\voices\!v\pablo" to "C:\Users\Jacob\OneDrive\Personal Files\Development\Visual Studio\Haven AI\Source\src\Haven.Desktop\bin\x64\Release\net10.0-windows10.0.19041.0\espeak\espeak-ng-data\voices\!v\pablo".
         Copying file from "C:\Users\Jacob\.nuget\packages\kokorosharp\0.6.7\content\espeak\espeak-ng-data\voices\!v\paul" to "C:\Users\Jacob\OneDrive\Personal Files\Development\Visual Studio\Haven AI\Source\src\Haven.Desktop\bin\x64\Release\net10.0-windows10.0.19041.0\espeak\espeak-ng-data\voices\!v\paul".
         Copying file from "C:\Users\Jacob\.nuget\packages\kokorosharp\0.6.7\content\espeak\espeak-ng-data\voices\!v\pedro" to "C:\Users\Jacob\OneDrive\Personal Files\Development\Visual Studio\Haven AI\Source\src\Haven.Desktop\bin\x64\Release\net10.0-windows10.0.19041.0\espeak\espeak-ng-data\voices\!v\pedro".
         Copying file from "C:\Users\Jacob\.nuget\packages\kokorosharp\0.6.7\content\espeak\espeak-ng-data\voices\!v\quincy" to "C:\Users\Jacob\OneDrive\Personal Files\Development\Visual Studio\Haven AI\Source\src\Haven.Desktop\bin\x64\Release\net10.0-windows10.0.19041.0\espeak\espeak-ng-data\voices\!v\quincy".
         Copying file from "C:\Users\Jacob\.nuget\packages\kokorosharp\0.6.7\content\espeak\espeak-ng-data\voices\!v\Reed" to "C:\Users\Jacob\OneDrive\Personal Files\Development\Visual Studio\Haven AI\Source\src\Haven.Desktop\bin\x64\Release\net10.0-windows10.0.19041.0\espeak\espeak-ng-data\voices\!v\Reed".
         Copying file from "C:\Users\Jacob\.nuget\packages\kokorosharp\0.6.7\content\espeak\espeak-ng-data\voices\!v\RicishayMax" to "C:\Users\Jacob\OneDrive\Personal Files\Development\Visual Studio\Haven AI\Source\src\Haven.Desktop\bin\x64\Release\net10.0-windows10.0.19041.0\espeak\espeak-ng-data\voices\!v\RicishayMax".
         Copying file from "C:\Users\Jacob\.nuget\packages\kokorosharp\0.6.7\content\espeak\espeak-ng-data\voices\!v\RicishayMax2" to "C:\Users\Jacob\OneDrive\Personal Files\Development\Visual Studio\Haven AI\Source\src\Haven.Desktop\bin\x64\Release\net10.0-windows10.0.19041.0\espeak\espeak-ng-data\voices\!v\RicishayMax2".
         Copying file from "C:\Users\Jacob\.nuget\packages\kokorosharp\0.6.7\content\espeak\espeak-ng-data\voices\!v\RicishayMax3" to "C:\Users\Jacob\OneDrive\Personal Files\Development\Visual Studio\Haven AI\Source\src\Haven.Desktop\bin\x64\Release\net10.0-windows10.0.19041.0\espeak\espeak-ng-data\voices\!v\RicishayMax3".
         Copying file from "C:\Users\Jacob\.nuget\packages\kokorosharp\0.6.7\content\espeak\espeak-ng-data\voices\!v\rob" to "C:\Users\Jacob\OneDrive\Personal Files\Development\Visual Studio\Haven AI\Source\src\Haven.Desktop\bin\x64\Release\net10.0-windows10.0.19041.0\espeak\espeak-ng-data\voices\!v\rob".
         Copying file from "C:\Users\Jacob\.nuget\packages\kokorosharp\0.6.7\content\espeak\espeak-ng-data\voices\!v\robert" to "C:\Users\Jacob\OneDrive\Personal Files\Development\Visual Studio\Haven AI\Source\src\Haven.Desktop\bin\x64\Release\net10.0-windows10.0.19041.0\espeak\espeak-ng-data\voices\!v\robert".
         Copying file from "C:\Users\Jacob\.nuget\packages\kokorosharp\0.6.7\content\espeak\espeak-ng-data\voices\!v\robosoft" to "C:\Users\Jacob\OneDrive\Personal Files\Development\Visual Studio\Haven AI\Source\src\Haven.Desktop\bin\x64\Release\net10.0-windows10.0.19041.0\espeak\espeak-ng-data\voices\!v\robosoft".
         Copying file from "C:\Users\Jacob\.nuget\packages\kokorosharp\0.6.7\content\espeak\espeak-ng-data\voices\!v\robosoft2" to "C:\Users\Jacob\OneDrive\Personal Files\Development\Visual Studio\Haven AI\Source\src\Haven.Desktop\bin\x64\Release\net10.0-windows10.0.19041.0\espeak\espeak-ng-data\voices\!v\robosoft2".
         Copying file from "C:\Users\Jacob\.nuget\packages\kokorosharp\0.6.7\content\espeak\espeak-ng-data\voices\!v\robosoft3" to "C:\Users\Jacob\OneDrive\Personal Files\Development\Visual Studio\Haven AI\Source\src\Haven.Desktop\bin\x64\Release\net10.0-windows10.0.19041.0\espeak\espeak-ng-data\voices\!v\robosoft3".
         Copying file from "C:\Users\Jacob\.nuget\packages\kokorosharp\0.6.7\content\espeak\espeak-ng-data\voices\!v\robosoft4" to "C:\Users\Jacob\OneDrive\Personal Files\Development\Visual Studio\Haven AI\Source\src\Haven.Desktop\bin\x64\Release\net10.0-windows10.0.19041.0\espeak\espeak-ng-data\voices\!v\robosoft4".
         Copying file from "C:\Users\Jacob\.nuget\packages\kokorosharp\0.6.7\content\espeak\espeak-ng-data\voices\!v\robosoft5" to "C:\Users\Jacob\OneDrive\Personal Files\Development\Visual Studio\Haven AI\Source\src\Haven.Desktop\bin\x64\Release\net10.0-windows10.0.19041.0\espeak\espeak-ng-data\voices\!v\robosoft5".
         Copying file from "C:\Users\Jacob\.nuget\packages\kokorosharp\0.6.7\content\espeak\espeak-ng-data\voices\!v\robosoft6" to "C:\Users\Jacob\OneDrive\Personal Files\Development\Visual Studio\Haven AI\Source\src\Haven.Desktop\bin\x64\Release\net10.0-windows10.0.19041.0\espeak\espeak-ng-data\voices\!v\robosoft6".
         Copying file from "C:\Users\Jacob\.nuget\packages\kokorosharp\0.6.7\content\espeak\espeak-ng-data\voices\!v\robosoft7" to "C:\Users\Jacob\OneDrive\Personal Files\Development\Visual Studio\Haven AI\Source\src\Haven.Desktop\bin\x64\Release\net10.0-windows10.0.19041.0\espeak\espeak-ng-data\voices\!v\robosoft7".
         Copying file from "C:\Users\Jacob\.nuget\packages\kokorosharp\0.6.7\content\espeak\espeak-ng-data\voices\!v\robosoft8" to "C:\Users\Jacob\OneDrive\Personal Files\Development\Visual Studio\Haven AI\Source\src\Haven.Desktop\bin\x64\Release\net10.0-windows10.0.19041.0\espeak\espeak-ng-data\voices\!v\robosoft8".
         Copying file from "C:\Users\Jacob\.nuget\packages\kokorosharp\0.6.7\content\espeak\espeak-ng-data\voices\!v\sandro" to "C:\Users\Jacob\OneDrive\Personal Files\Development\Visual Studio\Haven AI\Source\src\Haven.Desktop\bin\x64\Release\net10.0-windows10.0.19041.0\espeak\espeak-ng-data\voices\!v\sandro".
         Copying file from "C:\Users\Jacob\.nuget\packages\kokorosharp\0.6.7\content\espeak\espeak-ng-data\voices\!v\shelby" to "C:\Users\Jacob\OneDrive\Personal Files\Development\Visual Studio\Haven AI\Source\src\Haven.Desktop\bin\x64\Release\net10.0-windows10.0.19041.0\espeak\espeak-ng-data\voices\!v\shelby".
         Copying file from "C:\Users\Jacob\.nuget\packages\kokorosharp\0.6.7\content\espeak\espeak-ng-data\voices\!v\steph" to "C:\Users\Jacob\OneDrive\Personal Files\Development\Visual Studio\Haven AI\Source\src\Haven.Desktop\bin\x64\Release\net10.0-windows10.0.19041.0\espeak\espeak-ng-data\voices\!v\steph".
         Copying file from "C:\Users\Jacob\.nuget\packages\kokorosharp\0.6.7\content\espeak\espeak-ng-data\voices\!v\steph2" to "C:\Users\Jacob\OneDrive\Personal Files\Development\Visual Studio\Haven AI\Source\src\Haven.Desktop\bin\x64\Release\net10.0-windows10.0.19041.0\espeak\espeak-ng-data\voices\!v\steph2".
         Copying file from "C:\Users\Jacob\.nuget\packages\kokorosharp\0.6.7\content\espeak\espeak-ng-data\voices\!v\steph3" to "C:\Users\Jacob\OneDrive\Personal Files\Development\Visual Studio\Haven AI\Source\src\Haven.Desktop\bin\x64\Release\net10.0-windows10.0.19041.0\espeak\espeak-ng-data\voices\!v\steph3".
         Copying file from "C:\Users\Jacob\.nuget\packages\kokorosharp\0.6.7\content\espeak\espeak-ng-data\voices\!v\Storm" to "C:\Users\Jacob\OneDrive\Personal Files\Development\Visual Studio\Haven AI\Source\src\Haven.Desktop\bin\x64\Release\net10.0-windows10.0.19041.0\espeak\espeak-ng-data\voices\!v\Storm".
         Copying file from "C:\Users\Jacob\.nuget\packages\kokorosharp\0.6.7\content\espeak\espeak-ng-data\voices\!v\travis" to "C:\Users\Jacob\OneDrive\Personal Files\Development\Visual Studio\Haven AI\Source\src\Haven.Desktop\bin\x64\Release\net10.0-windows10.0.19041.0\espeak\espeak-ng-data\voices\!v\travis".
         Copying file from "C:\Users\Jacob\.nuget\packages\kokorosharp\0.6.7\content\espeak\espeak-ng-data\voices\!v\Tweaky" to "C:\Users\Jacob\OneDrive\Personal Files\Development\Visual Studio\Haven AI\Source\src\Haven.Desktop\bin\x64\Release\net10.0-windows10.0.19041.0\espeak\espeak-ng-data\voices\!v\Tweaky".
         Copying file from "C:\Users\Jacob\.nuget\packages\kokorosharp\0.6.7\content\espeak\espeak-ng-data\voices\!v\UniRobot" to "C:\Users\Jacob\OneDrive\Personal Files\Development\Visual Studio\Haven AI\Source\src\Haven.Desktop\bin\x64\Release\net10.0-windows10.0.19041.0\espeak\espeak-ng-data\voices\!v\UniRobot".
         Copying file from "C:\Users\Jacob\.nuget\packages\kokorosharp\0.6.7\content\espeak\espeak-ng-data\voices\!v\victor" to "C:\Users\Jacob\OneDrive\Personal Files\Development\Visual Studio\Haven AI\Source\src\Haven.Desktop\bin\x64\Release\net10.0-windows10.0.19041.0\espeak\espeak-ng-data\voices\!v\victor".
         Copying file from "C:\Users\Jacob\.nuget\packages\kokorosharp\0.6.7\content\espeak\espeak-ng-data\voices\!v\whisper" to "C:\Users\Jacob\OneDrive\Personal Files\Development\Visual Studio\Haven AI\Source\src\Haven.Desktop\bin\x64\Release\net10.0-windows10.0.19041.0\espeak\espeak-ng-data\voices\!v\whisper".
         Copying file from "C:\Users\Jacob\.nuget\packages\kokorosharp\0.6.7\content\espeak\espeak-ng-data\voices\!v\whisperf" to "C:\Users\Jacob\OneDrive\Personal Files\Development\Visual Studio\Haven AI\Source\src\Haven.Desktop\bin\x64\Release\net10.0-windows10.0.19041.0\espeak\espeak-ng-data\voices\!v\whisperf".
         Copying file from "C:\Users\Jacob\.nuget\packages\kokorosharp\0.6.7\content\espeak\espeak-ng-data\yue_dict" to "C:\Users\Jacob\OneDrive\Personal Files\Development\Visual Studio\Haven AI\Source\src\Haven.Desktop\bin\x64\Release\net10.0-windows10.0.19041.0\espeak\espeak-ng-data\yue_dict".
         Copying file from "C:\Users\Jacob\.nuget\packages\kokorosharp\0.6.7\content\espeak\espeak-ng-data\voices\!v\zac" to "C:\Users\Jacob\OneDrive\Personal Files\Development\Visual Studio\Haven AI\Source\src\Haven.Desktop\bin\x64\Release\net10.0-windows10.0.19041.0\espeak\espeak-ng-data\voices\!v\zac".
         Copying file from "C:\Users\Jacob\.nuget\packages\kokorosharp\0.6.7\content\espeak\espeak-ng-linux-amd64.dll" to "C:\Users\Jacob\OneDrive\Personal Files\Development\Visual Studio\Haven AI\Source\src\Haven.Desktop\bin\x64\Release\net10.0-windows10.0.19041.0\espeak\espeak-ng-linux-amd64.dll".
         Copying file from "C:\Users\Jacob\.nuget\packages\kokorosharp\0.6.7\content\espeak\espeak-ng-macos-amd64.dll" to "C:\Users\Jacob\OneDrive\Personal Files\Development\Visual Studio\Haven AI\Source\src\Haven.Desktop\bin\x64\Release\net10.0-windows10.0.19041.0\espeak\espeak-ng-macos-amd64.dll".
         Copying file from "C:\Users\Jacob\.nuget\packages\kokorosharp\0.6.7\content\espeak\espeak-ng-macos-arm64.dll" to "C:\Users\Jacob\OneDrive\Personal Files\Development\Visual Studio\Haven AI\Source\src\Haven.Desktop\bin\x64\Release\net10.0-windows10.0.19041.0\espeak\espeak-ng-macos-arm64.dll".
         Copying file from "C:\Users\Jacob\.nuget\packages\kokorosharp\0.6.7\content\espeak\espeak-ng-win-amd64.dll" to "C:\Users\Jacob\OneDrive\Personal Files\Development\Visual Studio\Haven AI\Source\src\Haven.Desktop\bin\x64\Release\net10.0-windows10.0.19041.0\espeak\espeak-ng-win-amd64.dll".
         Copying file from "C:\Users\Jacob\.nuget\packages\kokorosharp\0.6.7\content\espeak\espeak-ng-win-arm64.dll" to "C:\Users\Jacob\OneDrive\Personal Files\Development\Visual Studio\Haven AI\Source\src\Haven.Desktop\bin\x64\Release\net10.0-windows10.0.19041.0\espeak\espeak-ng-win-arm64.dll".
         Copying file from "C:\Users\Jacob\.nuget\packages\kokorosharp\0.6.7\content\espeak\HOW_TO_USE.txt" to "C:\Users\Jacob\OneDrive\Personal Files\Development\Visual Studio\Haven AI\Source\src\Haven.Desktop\bin\x64\Release\net10.0-windows10.0.19041.0\espeak\HOW_TO_USE.txt".
         Copying file from "C:\Users\Jacob\.nuget\packages\kokorosharp\0.6.7\content\espeak\LICENSE" to "C:\Users\Jacob\OneDrive\Personal Files\Development\Visual Studio\Haven AI\Source\src\Haven.Desktop\bin\x64\Release\net10.0-windows10.0.19041.0\espeak\LICENSE".
         Copying file from "C:\Users\Jacob\.nuget\packages\kokorosharp\0.6.7\content\espeak\README.md" to "C:\Users\Jacob\OneDrive\Personal Files\Development\Visual Studio\Haven AI\Source\src\Haven.Desktop\bin\x64\Release\net10.0-windows10.0.19041.0\espeak\README.md".
         Copying file from "C:\Users\Jacob\.nuget\packages\kokorosharp\0.6.7\content\voices\af_alloy.npy" to "C:\Users\Jacob\OneDrive\Personal Files\Development\Visual Studio\Haven AI\Source\src\Haven.Desktop\bin\x64\Release\net10.0-windows10.0.19041.0\voices\af_alloy.npy".
         Copying file from "C:\Users\Jacob\.nuget\packages\kokorosharp\0.6.7\content\voices\af_aoede.npy" to "C:\Users\Jacob\OneDrive\Personal Files\Development\Visual Studio\Haven AI\Source\src\Haven.Desktop\bin\x64\Release\net10.0-windows10.0.19041.0\voices\af_aoede.npy".
         Copying file from "C:\Users\Jacob\.nuget\packages\kokorosharp\0.6.7\content\voices\af_bella.npy" to "C:\Users\Jacob\OneDrive\Personal Files\Development\Visual Studio\Haven AI\Source\src\Haven.Desktop\bin\x64\Release\net10.0-windows10.0.19041.0\voices\af_bella.npy".
         Copying file from "C:\Users\Jacob\.nuget\packages\kokorosharp\0.6.7\content\voices\af_heart.npy" to "C:\Users\Jacob\OneDrive\Personal Files\Development\Visual Studio\Haven AI\Source\src\Haven.Desktop\bin\x64\Release\net10.0-windows10.0.19041.0\voices\af_heart.npy".
         Copying file from "C:\Users\Jacob\.nuget\packages\kokorosharp\0.6.7\content\voices\af_jessica.npy" to "C:\Users\Jacob\OneDrive\Personal Files\Development\Visual Studio\Haven AI\Source\src\Haven.Desktop\bin\x64\Release\net10.0-windows10.0.19041.0\voices\af_jessica.npy".
         Copying file from "C:\Users\Jacob\.nuget\packages\kokorosharp\0.6.7\content\voices\af_kore.npy" to "C:\Users\Jacob\OneDrive\Personal Files\Development\Visual Studio\Haven AI\Source\src\Haven.Desktop\bin\x64\Release\net10.0-windows10.0.19041.0\voices\af_kore.npy".
         Copying file from "C:\Users\Jacob\.nuget\packages\kokorosharp\0.6.7\content\voices\af_nicole.npy" to "C:\Users\Jacob\OneDrive\Personal Files\Development\Visual Studio\Haven AI\Source\src\Haven.Desktop\bin\x64\Release\net10.0-windows10.0.19041.0\voices\af_nicole.npy".
         Copying file from "C:\Users\Jacob\.nuget\packages\kokorosharp\0.6.7\content\voices\af_nova.npy" to "C:\Users\Jacob\OneDrive\Personal Files\Development\Visual Studio\Haven AI\Source\src\Haven.Desktop\bin\x64\Release\net10.0-windows10.0.19041.0\voices\af_nova.npy".
         Copying file from "C:\Users\Jacob\.nuget\packages\kokorosharp\0.6.7\content\voices\af_river.npy" to "C:\Users\Jacob\OneDrive\Personal Files\Development\Visual Studio\Haven AI\Source\src\Haven.Desktop\bin\x64\Release\net10.0-windows10.0.19041.0\voices\af_river.npy".
         Copying file from "C:\Users\Jacob\.nuget\packages\kokorosharp\0.6.7\content\voices\af_sarah.npy" to "C:\Users\Jacob\OneDrive\Personal Files\Development\Visual Studio\Haven AI\Source\src\Haven.Desktop\bin\x64\Release\net10.0-windows10.0.19041.0\voices\af_sarah.npy".
         Copying file from "C:\Users\Jacob\.nuget\packages\kokorosharp\0.6.7\content\voices\af_sky.npy" to "C:\Users\Jacob\OneDrive\Personal Files\Development\Visual Studio\Haven AI\Source\src\Haven.Desktop\bin\x64\Release\net10.0-windows10.0.19041.0\voices\af_sky.npy".
         Copying file from "C:\Users\Jacob\.nuget\packages\kokorosharp\0.6.7\content\voices\am_adam.npy" to "C:\Users\Jacob\OneDrive\Personal Files\Development\Visual Studio\Haven AI\Source\src\Haven.Desktop\bin\x64\Release\net10.0-windows10.0.19041.0\voices\am_adam.npy".
         Copying file from "C:\Users\Jacob\.nuget\packages\kokorosharp\0.6.7\content\voices\am_echo.npy" to "C:\Users\Jacob\OneDrive\Personal Files\Development\Visual Studio\Haven AI\Source\src\Haven.Desktop\bin\x64\Release\net10.0-windows10.0.19041.0\voices\am_echo.npy".
         Copying file from "C:\Users\Jacob\.nuget\packages\kokorosharp\0.6.7\content\voices\am_eric.npy" to "C:\Users\Jacob\OneDrive\Personal Files\Development\Visual Studio\Haven AI\Source\src\Haven.Desktop\bin\x64\Release\net10.0-windows10.0.19041.0\voices\am_eric.npy".
         Copying file from "C:\Users\Jacob\.nuget\packages\kokorosharp\0.6.7\content\voices\am_fenrir.npy" to "C:\Users\Jacob\OneDrive\Personal Files\Development\Visual Studio\Haven AI\Source\src\Haven.Desktop\bin\x64\Release\net10.0-windows10.0.19041.0\voices\am_fenrir.npy".
         Copying file from "C:\Users\Jacob\.nuget\packages\kokorosharp\0.6.7\content\voices\am_liam.npy" to "C:\Users\Jacob\OneDrive\Personal Files\Development\Visual Studio\Haven AI\Source\src\Haven.Desktop\bin\x64\Release\net10.0-windows10.0.19041.0\voices\am_liam.npy".
         Copying file from "C:\Users\Jacob\.nuget\packages\kokorosharp\0.6.7\content\voices\am_michael.npy" to "C:\Users\Jacob\OneDrive\Personal Files\Development\Visual Studio\Haven AI\Source\src\Haven.Desktop\bin\x64\Release\net10.0-windows10.0.19041.0\voices\am_michael.npy".
         Copying file from "C:\Users\Jacob\.nuget\packages\kokorosharp\0.6.7\content\voices\am_onyx.npy" to "C:\Users\Jacob\OneDrive\Personal Files\Development\Visual Studio\Haven AI\Source\src\Haven.Desktop\bin\x64\Release\net10.0-windows10.0.19041.0\voices\am_onyx.npy".
         Copying file from "C:\Users\Jacob\.nuget\packages\kokorosharp\0.6.7\content\voices\am_puck.npy" to "C:\Users\Jacob\OneDrive\Personal Files\Development\Visual Studio\Haven AI\Source\src\Haven.Desktop\bin\x64\Release\net10.0-windows10.0.19041.0\voices\am_puck.npy".
         Copying file from "C:\Users\Jacob\.nuget\packages\kokorosharp\0.6.7\content\voices\am_santa.npy" to "C:\Users\Jacob\OneDrive\Personal Files\Development\Visual Studio\Haven AI\Source\src\Haven.Desktop\bin\x64\Release\net10.0-windows10.0.19041.0\voices\am_santa.npy".
         Copying file from "C:\Users\Jacob\.nuget\packages\kokorosharp\0.6.7\content\voices\bf_alice.npy" to "C:\Users\Jacob\OneDrive\Personal Files\Development\Visual Studio\Haven AI\Source\src\Haven.Desktop\bin\x64\Release\net10.0-windows10.0.19041.0\voices\bf_alice.npy".
         Copying file from "C:\Users\Jacob\.nuget\packages\kokorosharp\0.6.7\content\voices\bf_isabella.npy" to "C:\Users\Jacob\OneDrive\Personal Files\Development\Visual Studio\Haven AI\Source\src\Haven.Desktop\bin\x64\Release\net10.0-windows10.0.19041.0\voices\bf_isabella.npy".
         Copying file from "C:\Users\Jacob\.nuget\packages\kokorosharp\0.6.7\content\voices\bf_emma.npy" to "C:\Users\Jacob\OneDrive\Personal Files\Development\Visual Studio\Haven AI\Source\src\Haven.Desktop\bin\x64\Release\net10.0-windows10.0.19041.0\voices\bf_emma.npy".
         Copying file from "C:\Users\Jacob\.nuget\packages\kokorosharp\0.6.7\content\voices\bf_lily.npy" to "C:\Users\Jacob\OneDrive\Personal Files\Development\Visual Studio\Haven AI\Source\src\Haven.Desktop\bin\x64\Release\net10.0-windows10.0.19041.0\voices\bf_lily.npy".
         Copying file from "C:\Users\Jacob\.nuget\packages\kokorosharp\0.6.7\content\voices\bm_daniel.npy" to "C:\Users\Jacob\OneDrive\Personal Files\Development\Visual Studio\Haven AI\Source\src\Haven.Desktop\bin\x64\Release\net10.0-windows10.0.19041.0\voices\bm_daniel.npy".
         Copying file from "C:\Users\Jacob\.nuget\packages\kokorosharp\0.6.7\content\voices\bm_fable.npy" to "C:\Users\Jacob\OneDrive\Personal Files\Development\Visual Studio\Haven AI\Source\src\Haven.Desktop\bin\x64\Release\net10.0-windows10.0.19041.0\voices\bm_fable.npy".
         Copying file from "C:\Users\Jacob\.nuget\packages\kokorosharp\0.6.7\content\voices\bm_george.npy" to "C:\Users\Jacob\OneDrive\Personal Files\Development\Visual Studio\Haven AI\Source\src\Haven.Desktop\bin\x64\Release\net10.0-windows10.0.19041.0\voices\bm_george.npy".
         Copying file from "C:\Users\Jacob\.nuget\packages\kokorosharp\0.6.7\content\voices\bm_lewis.npy" to "C:\Users\Jacob\OneDrive\Personal Files\Development\Visual Studio\Haven AI\Source\src\Haven.Desktop\bin\x64\Release\net10.0-windows10.0.19041.0\voices\bm_lewis.npy".
         Copying file from "C:\Users\Jacob\.nuget\packages\kokorosharp\0.6.7\content\voices\DONATE.md" to "C:\Users\Jacob\OneDrive\Personal Files\Development\Visual Studio\Haven AI\Source\src\Haven.Desktop\bin\x64\Release\net10.0-windows10.0.19041.0\voices\DONATE.md".
         Copying file from "C:\Users\Jacob\.nuget\packages\kokorosharp\0.6.7\content\voices\ef_dora.npy" to "C:\Users\Jacob\OneDrive\Personal Files\Development\Visual Studio\Haven AI\Source\src\Haven.Desktop\bin\x64\Release\net10.0-windows10.0.19041.0\voices\ef_dora.npy".
         Copying file from "C:\Users\Jacob\.nuget\packages\kokorosharp\0.6.7\content\voices\em_alex.npy" to "C:\Users\Jacob\OneDrive\Personal Files\Development\Visual Studio\Haven AI\Source\src\Haven.Desktop\bin\x64\Release\net10.0-windows10.0.19041.0\voices\em_alex.npy".
         Copying file from "C:\Users\Jacob\.nuget\packages\kokorosharp\0.6.7\content\voices\em_santa.npy" to "C:\Users\Jacob\OneDrive\Personal Files\Development\Visual Studio\Haven AI\Source\src\Haven.Desktop\bin\x64\Release\net10.0-windows10.0.19041.0\voices\em_santa.npy".
         Copying file from "C:\Users\Jacob\.nuget\packages\kokorosharp\0.6.7\content\voices\ff_siwis.npy" to "C:\Users\Jacob\OneDrive\Personal Files\Development\Visual Studio\Haven AI\Source\src\Haven.Desktop\bin\x64\Release\net10.0-windows10.0.19041.0\voices\ff_siwis.npy".
         Copying file from "C:\Users\Jacob\.nuget\packages\kokorosharp\0.6.7\content\voices\hf_beta.npy" to "C:\Users\Jacob\OneDrive\Personal Files\Development\Visual Studio\Haven AI\Source\src\Haven.Desktop\bin\x64\Release\net10.0-windows10.0.19041.0\voices\hf_beta.npy".
         Copying file from "C:\Users\Jacob\.nuget\packages\kokorosharp\0.6.7\content\voices\hf_alpha.npy" to "C:\Users\Jacob\OneDrive\Personal Files\Development\Visual Studio\Haven AI\Source\src\Haven.Desktop\bin\x64\Release\net10.0-windows10.0.19041.0\voices\hf_alpha.npy".
         Copying file from "C:\Users\Jacob\.nuget\packages\kokorosharp\0.6.7\content\voices\hm_omega.npy" to "C:\Users\Jacob\OneDrive\Personal Files\Development\Visual Studio\Haven AI\Source\src\Haven.Desktop\bin\x64\Release\net10.0-windows10.0.19041.0\voices\hm_omega.npy".
         Copying file from "C:\Users\Jacob\.nuget\packages\kokorosharp\0.6.7\content\voices\hm_psi.npy" to "C:\Users\Jacob\OneDrive\Personal Files\Development\Visual Studio\Haven AI\Source\src\Haven.Desktop\bin\x64\Release\net10.0-windows10.0.19041.0\voices\hm_psi.npy".
         Copying file from "C:\Users\Jacob\.nuget\packages\kokorosharp\0.6.7\content\voices\if_sara.npy" to "C:\Users\Jacob\OneDrive\Personal Files\Development\Visual Studio\Haven AI\Source\src\Haven.Desktop\bin\x64\Release\net10.0-windows10.0.19041.0\voices\if_sara.npy".
         Copying file from "C:\Users\Jacob\.nuget\packages\kokorosharp\0.6.7\content\voices\im_nicola.npy" to "C:\Users\Jacob\OneDrive\Personal Files\Development\Visual Studio\Haven AI\Source\src\Haven.Desktop\bin\x64\Release\net10.0-windows10.0.19041.0\voices\im_nicola.npy".
         Copying file from "C:\Users\Jacob\.nuget\packages\kokorosharp\0.6.7\content\voices\jf_alpha.npy" to "C:\Users\Jacob\OneDrive\Personal Files\Development\Visual Studio\Haven AI\Source\src\Haven.Desktop\bin\x64\Release\net10.0-windows10.0.19041.0\voices\jf_alpha.npy".
         Copying file from "C:\Users\Jacob\.nuget\packages\kokorosharp\0.6.7\content\voices\jf_gongitsune.npy" to "C:\Users\Jacob\OneDrive\Personal Files\Development\Visual Studio\Haven AI\Source\src\Haven.Desktop\bin\x64\Release\net10.0-windows10.0.19041.0\voices\jf_gongitsune.npy".
         Copying file from "C:\Users\Jacob\.nuget\packages\kokorosharp\0.6.7\content\voices\jf_nezumi.npy" to "C:\Users\Jacob\OneDrive\Personal Files\Development\Visual Studio\Haven AI\Source\src\Haven.Desktop\bin\x64\Release\net10.0-windows10.0.19041.0\voices\jf_nezumi.npy".
         Copying file from "C:\Users\Jacob\.nuget\packages\kokorosharp\0.6.7\content\voices\jf_tebukuro.npy" to "C:\Users\Jacob\OneDrive\Personal Files\Development\Visual Studio\Haven AI\Source\src\Haven.Desktop\bin\x64\Release\net10.0-windows10.0.19041.0\voices\jf_tebukuro.npy".
         Copying file from "C:\Users\Jacob\.nuget\packages\kokorosharp\0.6.7\content\voices\jm_kumo.npy" to "C:\Users\Jacob\OneDrive\Personal Files\Development\Visual Studio\Haven AI\Source\src\Haven.Desktop\bin\x64\Release\net10.0-windows10.0.19041.0\voices\jm_kumo.npy".
         Copying file from "C:\Users\Jacob\.nuget\packages\kokorosharp\0.6.7\content\voices\pf_dora.npy" to "C:\Users\Jacob\OneDrive\Personal Files\Development\Visual Studio\Haven AI\Source\src\Haven.Desktop\bin\x64\Release\net10.0-windows10.0.19041.0\voices\pf_dora.npy".
         Copying file from "C:\Users\Jacob\.nuget\packages\kokorosharp\0.6.7\content\voices\pm_alex.npy" to "C:\Users\Jacob\OneDrive\Personal Files\Development\Visual Studio\Haven AI\Source\src\Haven.Desktop\bin\x64\Release\net10.0-windows10.0.19041.0\voices\pm_alex.npy".
         Copying file from "C:\Users\Jacob\.nuget\packages\kokorosharp\0.6.7\content\voices\pm_santa.npy" to "C:\Users\Jacob\OneDrive\Personal Files\Development\Visual Studio\Haven AI\Source\src\Haven.Desktop\bin\x64\Release\net10.0-windows10.0.19041.0\voices\pm_santa.npy".
         Copying file from "C:\Users\Jacob\.nuget\packages\kokorosharp\0.6.7\content\voices\README.md" to "C:\Users\Jacob\OneDrive\Personal Files\Development\Visual Studio\Haven AI\Source\src\Haven.Desktop\bin\x64\Release\net10.0-windows10.0.19041.0\voices\README.md".
         Copying file from "C:\Users\Jacob\.nuget\packages\kokorosharp\0.6.7\content\voices\SAMPLES.md" to "C:\Users\Jacob\OneDrive\Personal Files\Development\Visual Studio\Haven AI\Source\src\Haven.Desktop\bin\x64\Release\net10.0-windows10.0.19041.0\voices\SAMPLES.md".
         Copying file from "C:\Users\Jacob\.nuget\packages\kokorosharp\0.6.7\content\voices\VOICES.md" to "C:\Users\Jacob\OneDrive\Personal Files\Development\Visual Studio\Haven AI\Source\src\Haven.Desktop\bin\x64\Release\net10.0-windows10.0.19041.0\voices\VOICES.md".
         Copying file from "C:\Users\Jacob\.nuget\packages\kokorosharp\0.6.7\content\voices\zf_xiaobei.npy" to "C:\Users\Jacob\OneDrive\Personal Files\Development\Visual Studio\Haven AI\Source\src\Haven.Desktop\bin\x64\Release\net10.0-windows10.0.19041.0\voices\zf_xiaobei.npy".
         Copying file from "C:\Users\Jacob\.nuget\packages\kokorosharp\0.6.7\content\voices\zf_xiaoni.npy" to "C:\Users\Jacob\OneDrive\Personal Files\Development\Visual Studio\Haven AI\Source\src\Haven.Desktop\bin\x64\Release\net10.0-windows10.0.19041.0\voices\zf_xiaoni.npy".
         Copying file from "C:\Users\Jacob\.nuget\packages\kokorosharp\0.6.7\content\voices\zf_xiaoxiao.npy" to "C:\Users\Jacob\OneDrive\Personal Files\Development\Visual Studio\Haven AI\Source\src\Haven.Desktop\bin\x64\Release\net10.0-windows10.0.19041.0\voices\zf_xiaoxiao.npy".
         Copying file from "C:\Users\Jacob\.nuget\packages\kokorosharp\0.6.7\content\voices\zf_xiaoyi.npy" to "C:\Users\Jacob\OneDrive\Personal Files\Development\Visual Studio\Haven AI\Source\src\Haven.Desktop\bin\x64\Release\net10.0-windows10.0.19041.0\voices\zf_xiaoyi.npy".
     1>Done Building Project "C:\Users\Jacob\OneDrive\Personal Files\Development\Visual Studio\Haven AI\Source\src\Haven.Desktop\Haven.Desktop.csproj" (default targets).

Build succeeded.
    0 Warning(s)
    0 Error(s)

Time Elapsed 00:00:08.36
